country,ef_score,level,year,alpha_2,alpha_3,region,sub_region
Norway,69.09,Very High Proficiency,2011,NO,NOR,Europe,Northern Europe
Netherlands,67.93,Very High Proficiency,2011,NL,NLD,Europe,Western Europe
Denmark,66.91,Very High Proficiency,2011,DK,DNK,Europe,Northern Europe
Sweden,66.26,Very High Proficiency,2011,SE,SWE,Europe,Northern Europe
Finland,65.38,Very High Proficiency,2011,FI,FIN,Europe,Northern Europe
Austria,58.58,High Proficiency,2011,AT,AUT,Europe,Western Europe
Belgium,57.5,High Proficiency,2011,BE,BEL,Europe,Western Europe
Germany,56.8,High Proficiency,2011,DE,DEU,Europe,Western Europe
Malaysia,55.54,High Proficiency,2011,MY,MYS,Asia,South-eastern Asia
Poland,54.81,Moderate Proficiency,2011,PL,POL,Europe,Eastern Europe
Switzerland,54.69,Moderate Proficiency,2011,CH,CHE,Europe,Western Europe
Hong Kong,54.41,Moderate Proficiency,2011,HK,HKG,Asia,Eastern Asia
South Korea,54.19,Moderate Proficiency,2011,KR,KOR,Asia,Eastern Asia
Japan,53.82,Moderate Proficiency,2011,JP,JPN,Asia,Eastern Asia
Portugal,53.66,Moderate Proficiency,2011,PT,PRT,Europe,Southern Europe
Argentina,53.48,Moderate Proficiency,2011,AR,ARG,Americas,Latin America and the Caribbean
France,51.48,Moderate Proficiency,2011,FR,FRA,Europe,Western Europe
Mexico,51.31,Moderate Proficiency,2011,MX,MEX,Americas,Latin America and the Caribbean
Czech Republic,51.01,Moderate Proficiency,2011,CZ,CZE,Europe,Eastern Europe
Hungary,50.64,Moderate Proficiency,2011,HU,HUN,Europe,Eastern Europe
Slovakia,50.64,Moderate Proficiency,2011,SK,SVK,Europe,Eastern Europe
Costa Rica,49.15,Low Proficiency,2011,CR,CRI,Americas,Latin America and the Caribbean
Italy,49.05,Low Proficiency,2011,IT,ITA,Europe,Southern Europe
Spain,49.01,Low Proficiency,2011,ES,ESP,Europe,Southern Europe
Taiwan,48.95,Low Proficiency,2011,TW,TWN,,
Saudi Arabia,48.05,Low Proficiency,2011,SA,SAU,Asia,Western Asia
Guatemala,47.85,Low Proficiency,2011,GT,GTM,Americas,Latin America and the Caribbean
El Salvador,47.65,Low Proficiency,2011,SV,SLV,Americas,Latin America and the Caribbean
China,47.62,Low Proficiency,2011,CN,CHN,Asia,Eastern Asia
Brazil,47.35,Low Proficiency,2011,BR,BRA,Americas,Latin America and the Caribbean
India,45.97,Low Proficiency,2011,IN,IND,Asia,Southern Asia
Russia,45.79,Low Proficiency,2011,RU,RUS,Europe,Eastern Europe
Dominican Republic,44.78,Very Low Proficiency,2011,DO,DOM,Americas,Latin America and the Caribbean
Indonesia,44.71,Very Low Proficiency,2011,ID,IDN,Asia,South-eastern Asia
Peru,44.71,Very Low Proficiency,2011,PE,PER,Americas,Latin America and the Caribbean
Chile,44.54,Very Low Proficiency,2011,CL,CHL,Americas,Latin America and the Caribbean
Ecuador,44.44,Very Low Proficiency,2011,EC,ECU,Americas,Latin America and the Caribbean
Venezuela,44.35,Very Low Proficiency,2011,VE,VEN,Americas,Latin America and the Caribbean
Vietnam,43.92,Very Low Proficiency,2011,VN,VNM,Asia,South-eastern Asia
Panama,43.67,Very Low Proficiency,2011,PA,PAN,Americas,Latin America and the Caribbean
Colombia,42.77,Very Low Proficiency,2011,CO,COL,Americas,Latin America and the Caribbean
Thailand,41.82,Very Low Proficiency,2011,TH,THA,Asia,South-eastern Asia
Turkey,37.66,Very Low Proficiency,2011,TR,TUR,Asia,Western Asia
Kazakhstan,31.74,Very Low Proficiency,2011,KZ,KAZ,Asia,Central Asia
Sweden,68.91,Very High Proficiency,2012,SE,SWE,Europe,Northern Europe
Denmark,67.96,Very High Proficiency,2012,DK,DNK,Europe,Northern Europe
Netherlands,66.32,Very High Proficiency,2012,NL,NLD,Europe,Western Europe
Finland,64.37,Very High Proficiency,2012,FI,FIN,Europe,Northern Europe
Norway,63.22,Very High Proficiency,2012,NO,NOR,Europe,Northern Europe
Belgium,62.46,High Proficiency,2012,BE,BEL,Europe,Western Europe
Austria,62.14,High Proficiency,2012,AT,AUT,Europe,Western Europe
Hungary,60.39,High Proficiency,2012,HU,HUN,Europe,Eastern Europe
Germany,60.07,High Proficiency,2012,DE,DEU,Europe,Western Europe
Poland,59.08,High Proficiency,2012,PL,POL,Europe,Eastern Europe
Czech Republic,58.9,High Proficiency,2012,CZ,CZE,Europe,Eastern Europe
Singapore,58.65,High Proficiency,2012,SG,SGP,Asia,South-eastern Asia
Malaysia,57.95,High Proficiency,2012,MY,MYS,Asia,South-eastern Asia
India,57.49,Moderate Proficiency,2012,IN,IND,Asia,Southern Asia
Switzerland,57.39,Moderate Proficiency,2012,CH,CHE,Europe,Western Europe
Slovakia,56.62,Moderate Proficiency,2012,SK,SVK,Europe,Eastern Europe
Pakistan,56.03,Moderate Proficiency,2012,PK,PAK,Asia,Southern Asia
Spain,55.89,Moderate Proficiency,2012,ES,ESP,Europe,Southern Europe
Portugal,55.39,Moderate Proficiency,2012,PT,PRT,Europe,Southern Europe
Argentina,55.38,Moderate Proficiency,2012,AR,ARG,Americas,Latin America and the Caribbean
South Korea,55.36,Moderate Proficiency,2012,KR,KOR,Asia,Eastern Asia
Japan,55.14,Moderate Proficiency,2012,JP,JPN,Asia,Eastern Asia
France,54.28,Moderate Proficiency,2012,FR,FRA,Europe,Western Europe
Italy,54.01,Moderate Proficiency,2012,IT,ITA,Europe,Southern Europe
Hong Kong,53.65,Moderate Proficiency,2012,HK,HKG,Asia,Eastern Asia
Uruguay,53.42,Low Proficiency,2012,UY,URY,Americas,Latin America and the Caribbean
Indonesia,53.31,Low Proficiency,2012,ID,IDN,Asia,South-eastern Asia
Iran,52.92,Low Proficiency,2012,IR,IRN,Asia,Southern Asia
Russia,52.78,Low Proficiency,2012,RU,RUS,Europe,Eastern Europe
Taiwan,52.42,Low Proficiency,2012,TW,TWN,,
Vietnam,52.14,Low Proficiency,2012,VN,VNM,Asia,South-eastern Asia
Turkey,51.19,Low Proficiency,2012,TR,TUR,Asia,Western Asia
Peru,50.55,Low Proficiency,2012,PE,PER,Americas,Latin America and the Caribbean
Costa Rica,50.45,Low Proficiency,2012,CR,CRI,Americas,Latin America and the Caribbean
Morocco,49.4,Low Proficiency,2012,MA,MAR,Africa,Northern Africa
China,49.0,Low Proficiency,2012,CN,CHN,Asia,Eastern Asia
Qatar,48.79,Low Proficiency,2012,QA,QAT,Asia,Western Asia
Mexico,48.6,Low Proficiency,2012,MX,MEX,Americas,Latin America and the Caribbean
Chile,48.41,Very Low Proficiency,2012,CL,CHL,Americas,Latin America and the Caribbean
Venezuela,47.5,Very Low Proficiency,2012,VE,VEN,Americas,Latin America and the Caribbean
El Salvador,47.31,Very Low Proficiency,2012,SV,SLV,Americas,Latin America and the Caribbean
Syria,47.22,Very Low Proficiency,2012,SY,SYR,Asia,Western Asia
Ecuador,47.19,Very Low Proficiency,2012,EC,ECU,Americas,Latin America and the Caribbean
Algeria,47.13,Very Low Proficiency,2012,DZ,DZA,Africa,Northern Africa
Kuwait,47.01,Very Low Proficiency,2012,KW,KWT,Asia,Western Asia
Brazil,46.86,Very Low Proficiency,2012,BR,BRA,Americas,Latin America and the Caribbean
Guatemala,46.66,Very Low Proficiency,2012,GT,GTM,Americas,Latin America and the Caribbean
Egypt,45.92,Very Low Proficiency,2012,EG,EGY,Africa,Northern Africa
United Arab Emirates,45.53,Very Low Proficiency,2012,AE,ARE,Asia,Western Asia
Colombia,45.07,Very Low Proficiency,2012,CO,COL,Americas,Latin America and the Caribbean
Panama,44.68,Very Low Proficiency,2012,PA,PAN,Americas,Latin America and the Caribbean
Saudi Arabia,44.36,Very Low Proficiency,2012,SA,SAU,Asia,Western Asia
Thailand,42.53,Very Low Proficiency,2012,TH,THA,Asia,South-eastern Asia
Libya,42.53,Very Low Proficiency,2012,LY,LBY,Africa,Northern Africa
Sweden,68.69,Very High Proficiency,2013,SE,SWE,Europe,Northern Europe
Norway,66.6,Very High Proficiency,2013,NO,NOR,Europe,Northern Europe
Netherlands,66.19,Very High Proficiency,2013,NL,NLD,Europe,Western Europe
Estonia,65.55,Very High Proficiency,2013,EE,EST,Europe,Northern Europe
Denmark,65.15,Very High Proficiency,2013,DK,DNK,Europe,Northern Europe
Austria,62.66,Very High Proficiency,2013,AT,AUT,Europe,Western Europe
Finland,62.63,Very High Proficiency,2013,FI,FIN,Europe,Northern Europe
Poland,62.25,High Proficiency,2013,PL,POL,Europe,Eastern Europe
Hungary,60.41,High Proficiency,2013,HU,HUN,Europe,Eastern Europe
Slovenia,60.19,High Proficiency,2013,SI,SVN,Europe,Southern Europe
Malaysia,58.99,High Proficiency,2013,MY,MYS,Asia,South-eastern Asia
Singapore,58.92,High Proficiency,2013,SG,SGP,Asia,South-eastern Asia
Belgium,58.74,High Proficiency,2013,BE,BEL,Europe,Western Europe
Germany,58.47,High Proficiency,2013,DE,DEU,Europe,Western Europe
Latvia,57.66,High Proficiency,2013,LV,LVA,Europe,Northern Europe
Switzerland,57.59,High Proficiency,2013,CH,CHE,Europe,Western Europe
Portugal,57.52,High Proficiency,2013,PT,PRT,Europe,Southern Europe
Slovakia,54.58,Moderate Proficiency,2013,SK,SVK,Europe,Eastern Europe
Argentina,54.43,Moderate Proficiency,2013,AR,ARG,Americas,Latin America and the Caribbean
Czech Republic,54.4,Moderate Proficiency,2013,CZ,CZE,Europe,Eastern Europe
India,54.38,Moderate Proficiency,2013,IN,IND,Asia,Southern Asia
Hong Kong,53.54,Moderate Proficiency,2013,HK,HKG,Asia,Eastern Asia
Spain,53.51,Moderate Proficiency,2013,ES,ESP,Europe,Southern Europe
South Korea,53.46,Moderate Proficiency,2013,KR,KOR,Asia,Eastern Asia
Indonesia,53.44,Moderate Proficiency,2013,ID,IDN,Asia,South-eastern Asia
Japan,53.21,Moderate Proficiency,2013,JP,JPN,Asia,Eastern Asia
Ukraine,53.09,Moderate Proficiency,2013,UA,UKR,Europe,Eastern Europe
Vietnam,52.27,Moderate Proficiency,2013,VN,VNM,Asia,South-eastern Asia
Uruguay,51.49,Low Proficiency,2013,UY,URY,Americas,Latin America and the Caribbean
Sri Lanka,51.47,Low Proficiency,2013,LK,LKA,Asia,Southern Asia
Russia,51.08,Low Proficiency,2013,RU,RUS,Europe,Eastern Europe
Italy,50.97,Low Proficiency,2013,IT,ITA,Europe,Southern Europe
Taiwan,50.95,Low Proficiency,2013,TW,TWN,,
China,50.77,Low Proficiency,2013,CN,CHN,Asia,Eastern Asia
France,50.53,Low Proficiency,2013,FR,FRA,Europe,Western Europe
United Arab Emirates,50.37,Low Proficiency,2013,AE,ARE,Asia,Western Asia
Costa Rica,50.23,Low Proficiency,2013,CR,CRI,Americas,Latin America and the Caribbean
Brazil,50.07,Low Proficiency,2013,BR,BRA,Americas,Latin America and the Caribbean
Peru,49.96,Low Proficiency,2013,PE,PER,Americas,Latin America and the Caribbean
Mexico,49.91,Low Proficiency,2013,MX,MEX,Americas,Latin America and the Caribbean
Turkey,49.52,Low Proficiency,2013,TR,TUR,Asia,Western Asia
Iran,49.3,Low Proficiency,2013,IR,IRN,Asia,Southern Asia
Egypt,48.89,Very Low Proficiency,2013,EG,EGY,Africa,Northern Africa
Chile,48.2,Very Low Proficiency,2013,CL,CHL,Americas,Latin America and the Caribbean
Morocco,47.71,Very Low Proficiency,2013,MA,MAR,Africa,Northern Africa
Colombia,47.07,Very Low Proficiency,2013,CO,COL,Americas,Latin America and the Caribbean
Kuwait,46.97,Very Low Proficiency,2013,KW,KWT,Asia,Western Asia
Ecuador,46.9,Very Low Proficiency,2013,EC,ECU,Americas,Latin America and the Caribbean
Venezuela,46.44,Very Low Proficiency,2013,VE,VEN,Americas,Latin America and the Caribbean
Jordan,46.44,Very Low Proficiency,2013,JO,JOR,Asia,Western Asia
Qatar,45.97,Very Low Proficiency,2013,QA,QAT,Asia,Western Asia
Guatemala,45.72,Very Low Proficiency,2013,GT,GTM,Americas,Latin America and the Caribbean
El Salvador,45.29,Very Low Proficiency,2013,SV,SLV,Americas,Latin America and the Caribbean
Libya,44.65,Very Low Proficiency,2013,LY,LBY,Africa,Northern Africa
Thailand,44.44,Very Low Proficiency,2013,TH,THA,Asia,South-eastern Asia
Panama,43.61,Very Low Proficiency,2013,PA,PAN,Americas,Latin America and the Caribbean
Kazakhstan,43.47,Very Low Proficiency,2013,KZ,KAZ,Asia,Central Asia
Algeria,43.16,Very Low Proficiency,2013,DZ,DZA,Africa,Northern Africa
Saudi Arabia,41.19,Very Low Proficiency,2013,SA,SAU,Asia,Western Asia
Iraq,38.16,Very Low Proficiency,2013,IQ,IRQ,Asia,Western Asia
Denmark,69.3,Very High Proficiency,2014,DK,DNK,Europe,Northern Europe
Netherlands,68.99,Very High Proficiency,2014,NL,NLD,Europe,Western Europe
Sweden,67.8,Very High Proficiency,2014,SE,SWE,Europe,Northern Europe
Finland,64.4,Very High Proficiency,2014,FI,FIN,Europe,Northern Europe
Norway,64.33,Very High Proficiency,2014,NO,NOR,Europe,Northern Europe
Poland,64.26,Very High Proficiency,2014,PL,POL,Europe,Eastern Europe
Austria,63.21,Very High Proficiency,2014,AT,AUT,Europe,Western Europe
Estonia,61.39,High Proficiency,2014,EE,EST,Europe,Northern Europe
Belgium,61.21,High Proficiency,2014,BE,BEL,Europe,Western Europe
Germany,60.89,High Proficiency,2014,DE,DEU,Europe,Western Europe
Slovenia,60.6,High Proficiency,2014,SI,SVN,Europe,Southern Europe
Malaysia,59.73,High Proficiency,2014,MY,MYS,Asia,South-eastern Asia
Singapore,59.58,High Proficiency,2014,SG,SGP,Asia,South-eastern Asia
Latvia,59.43,High Proficiency,2014,LV,LVA,Europe,Northern Europe
Argentina,59.02,High Proficiency,2014,AR,ARG,Americas,Latin America and the Caribbean
Romania,58.63,High Proficiency,2014,RO,ROU,Europe,Eastern Europe
Hungary,58.55,High Proficiency,2014,HU,HUN,Europe,Eastern Europe
Switzerland,58.29,High Proficiency,2014,CH,CHE,Europe,Western Europe
Czech Republic,57.42,Moderate Proficiency,2014,CZ,CZE,Europe,Eastern Europe
Spain,57.18,Moderate Proficiency,2014,ES,ESP,Europe,Southern Europe
Portugal,56.83,Moderate Proficiency,2014,PT,PRT,Europe,Southern Europe
Slovakia,55.96,Moderate Proficiency,2014,SK,SVK,Europe,Eastern Europe
Dominican Republic,53.66,Moderate Proficiency,2014,DO,DOM,Americas,Latin America and the Caribbean
South Korea,53.62,Moderate Proficiency,2014,KR,KOR,Asia,Eastern Asia
India,53.54,Moderate Proficiency,2014,IN,IND,Asia,Southern Asia
Japan,52.88,Moderate Proficiency,2014,JP,JPN,Asia,Eastern Asia
Italy,52.8,Moderate Proficiency,2014,IT,ITA,Europe,Southern Europe
Indonesia,52.74,Moderate Proficiency,2014,ID,IDN,Asia,South-eastern Asia
France,52.69,Moderate Proficiency,2014,FR,FRA,Europe,Western Europe
Taiwan,52.56,Moderate Proficiency,2014,TW,TWN,,
Hong Kong,52.5,Moderate Proficiency,2014,HK,HKG,Asia,Eastern Asia
United Arab Emirates,51.8,Low Proficiency,2014,AE,ARE,Asia,Western Asia
Vietnam,51.57,Low Proficiency,2014,VN,VNM,Asia,South-eastern Asia
Peru,51.46,Low Proficiency,2014,PE,PER,Americas,Latin America and the Caribbean
Ecuador,51.05,Low Proficiency,2014,EC,ECU,Americas,Latin America and the Caribbean
Russia,50.44,Low Proficiency,2014,RU,RUS,Europe,Eastern Europe
China,50.15,Low Proficiency,2014,CN,CHN,Asia,Eastern Asia
Brazil,49.96,Low Proficiency,2014,BR,BRA,Americas,Latin America and the Caribbean
Mexico,49.83,Low Proficiency,2014,MX,MEX,Americas,Latin America and the Caribbean
Uruguay,49.61,Low Proficiency,2014,UY,URY,Americas,Latin America and the Caribbean
Chile,48.75,Low Proficiency,2014,CL,CHL,Americas,Latin America and the Caribbean
Colombia,48.54,Low Proficiency,2014,CO,COL,Americas,Latin America and the Caribbean
Costa Rica,48.53,Low Proficiency,2014,CR,CRI,Americas,Latin America and the Caribbean
Ukraine,48.5,Low Proficiency,2014,UA,UKR,Europe,Eastern Europe
Jordan,47.82,Very Low Proficiency,2014,JO,JOR,Asia,Western Asia
Qatar,47.81,Very Low Proficiency,2014,QA,QAT,Asia,Western Asia
Turkey,47.8,Very Low Proficiency,2014,TR,TUR,Asia,Western Asia
Thailand,47.79,Very Low Proficiency,2014,TH,THA,Asia,South-eastern Asia
Sri Lanka,46.37,Very Low Proficiency,2014,LK,LKA,Asia,Southern Asia
Venezuela,46.12,Very Low Proficiency,2014,VE,VEN,Americas,Latin America and the Caribbean
Guatemala,45.77,Very Low Proficiency,2014,GT,GTM,Americas,Latin America and the Caribbean
Panama,43.7,Very Low Proficiency,2014,PA,PAN,Americas,Latin America and the Caribbean
El Salvador,43.46,Very Low Proficiency,2014,SV,SLV,Americas,Latin America and the Caribbean
Kazakhstan,42.97,Very Low Proficiency,2014,KZ,KAZ,Asia,Central Asia
Morocco,42.43,Very Low Proficiency,2014,MA,MAR,Africa,Northern Africa
Egypt,42.13,Very Low Proficiency,2014,EG,EGY,Africa,Northern Africa
Iran,41.83,Very Low Proficiency,2014,IR,IRN,Asia,Southern Asia
Kuwait,41.8,Very Low Proficiency,2014,KW,KWT,Asia,Western Asia
Saudi Arabia,39.48,Very Low Proficiency,2014,SA,SAU,Asia,Western Asia
Algeria,38.51,Very Low Proficiency,2014,DZ,DZA,Africa,Northern Africa
Cambodia,38.25,Very Low Proficiency,2014,KH,KHM,Asia,South-eastern Asia
Libya,38.19,Very Low Proficiency,2014,LY,LBY,Africa,Northern Africa
Iraq,38.02,Very Low Proficiency,2014,IQ,IRQ,Asia,Western Asia
Sweden,70.94,Very High Proficiency,2015,SE,SWE,Europe,Northern Europe
Netherlands,70.58,Very High Proficiency,2015,NL,NLD,Europe,Western Europe
Denmark,70.05,Very High Proficiency,2015,DK,DNK,Europe,Northern Europe
Norway,67.83,Very High Proficiency,2015,NO,NOR,Europe,Northern Europe
Finland,65.32,Very High Proficiency,2015,FI,FIN,Europe,Northern Europe
Slovenia,64.97,Very High Proficiency,2015,SI,SVN,Europe,Southern Europe
Estonia,63.73,Very High Proficiency,2015,EE,EST,Europe,Northern Europe
Luxembourg,63.45,Very High Proficiency,2015,LU,LUX,Europe,Western Europe
Poland,62.95,Very High Proficiency,2015,PL,POL,Europe,Eastern Europe
Austria,61.97,High Proficiency,2015,AT,AUT,Europe,Western Europe
Germany,61.83,High Proficiency,2015,DE,DEU,Europe,Western Europe
Singapore,61.08,High Proficiency,2015,SG,SGP,Asia,South-eastern Asia
Portugal,60.61,High Proficiency,2015,PT,PRT,Europe,Southern Europe
Malaysia,60.3,High Proficiency,2015,MY,MYS,Asia,South-eastern Asia
Argentina,60.26,High Proficiency,2015,AR,ARG,Americas,Latin America and the Caribbean
Romania,59.69,High Proficiency,2015,RO,ROU,Europe,Eastern Europe
Belgium,59.13,High Proficiency,2015,BE,BEL,Europe,Western Europe
Czech Republic,59.01,High Proficiency,2015,CZ,CZE,Europe,Eastern Europe
Switzerland,58.43,High Proficiency,2015,CH,CHE,Europe,Western Europe
India,58.21,High Proficiency,2015,IN,IND,Asia,Southern Asia
Hungary,57.9,High Proficiency,2015,HU,HUN,Europe,Eastern Europe
Latvia,57.16,Moderate Proficiency,2015,LV,LVA,Europe,Northern Europe
Spain,56.8,Moderate Proficiency,2015,ES,ESP,Europe,Southern Europe
Dominican Republic,56.71,Moderate Proficiency,2015,DO,DOM,Americas,Latin America and the Caribbean
Slovakia,56.34,Moderate Proficiency,2015,SK,SVK,Europe,Eastern Europe
Lithuania,55.08,Moderate Proficiency,2015,LT,LTU,Europe,Northern Europe
South Korea,54.52,Moderate Proficiency,2015,KR,KOR,Asia,Eastern Asia
Italy,54.02,Moderate Proficiency,2015,IT,ITA,Europe,Southern Europe
Vietnam,53.81,Moderate Proficiency,2015,VN,VNM,Asia,South-eastern Asia
Japan,53.57,Moderate Proficiency,2015,JP,JPN,Asia,Eastern Asia
Taiwan,53.18,Moderate Proficiency,2015,TW,TWN,,
Indonesia,52.91,Moderate Proficiency,2015,ID,IDN,Asia,South-eastern Asia
Hong Kong,52.7,Moderate Proficiency,2015,HK,HKG,Asia,Eastern Asia
Ukraine,52.61,Moderate Proficiency,2015,UA,UKR,Europe,Eastern Europe
Peru,52.46,Low Proficiency,2015,PE,PER,Americas,Latin America and the Caribbean
Chile,51.88,Low Proficiency,2015,CL,CHL,Americas,Latin America and the Caribbean
France,51.84,Low Proficiency,2015,FR,FRA,Europe,Western Europe
Ecuador,51.67,Low Proficiency,2015,EC,ECU,Americas,Latin America and the Caribbean
Russia,51.59,Low Proficiency,2015,RU,RUS,Europe,Eastern Europe
Mexico,51.34,Low Proficiency,2015,MX,MEX,Americas,Latin America and the Caribbean
Brazil,51.05,Low Proficiency,2015,BR,BRA,Americas,Latin America and the Caribbean
United Arab Emirates,50.87,Low Proficiency,2015,AE,ARE,Asia,Western Asia
Costa Rica,50.53,Low Proficiency,2015,CR,CRI,Americas,Latin America and the Caribbean
Uruguay,50.25,Low Proficiency,2015,UY,URY,Americas,Latin America and the Caribbean
Pakistan,49.96,Low Proficiency,2015,PK,PAK,Asia,Southern Asia
Guatemala,49.67,Low Proficiency,2015,GT,GTM,Americas,Latin America and the Caribbean
China,49.41,Low Proficiency,2015,CN,CHN,Asia,Eastern Asia
Panama,48.77,Low Proficiency,2015,PA,PAN,Americas,Latin America and the Caribbean
Sri Lanka,47.89,Very Low Proficiency,2015,LK,LKA,Asia,Southern Asia
Turkey,47.62,Very Low Proficiency,2015,TR,TUR,Asia,Western Asia
Yemen,47.6,Very Low Proficiency,2015,YE,YEM,Asia,Western Asia
Morocco,47.4,Very Low Proficiency,2015,MA,MAR,Africa,Northern Africa
Jordan,47.33,Very Low Proficiency,2015,JO,JOR,Asia,Western Asia
Kazakhstan,47.04,Very Low Proficiency,2015,KZ,KAZ,Asia,Central Asia
Egypt,46.73,Very Low Proficiency,2015,EG,EGY,Africa,Northern Africa
Iran,46.59,Very Low Proficiency,2015,IR,IRN,Asia,Southern Asia
Colombia,46.54,Very Low Proficiency,2015,CO,COL,Americas,Latin America and the Caribbean
Oman,46.34,Very Low Proficiency,2015,OM,OMN,Asia,Western Asia
Venezuela,46.14,Very Low Proficiency,2015,VE,VEN,Americas,Latin America and the Caribbean
Azerbaijan,46.12,Very Low Proficiency,2015,AZ,AZE,Asia,Western Asia
El Salvador,45.52,Very Low Proficiency,2015,SV,SLV,Americas,Latin America and the Caribbean
Thailand,45.35,Very Low Proficiency,2015,TH,THA,Asia,South-eastern Asia
Qatar,43.72,Very Low Proficiency,2015,QA,QAT,Asia,Western Asia
Mongolia,43.64,Very Low Proficiency,2015,MN,MNG,Asia,Eastern Asia
Kuwait,42.65,Very Low Proficiency,2015,KW,KWT,Asia,Western Asia
Iraq,40.69,Very Low Proficiency,2015,IQ,IRQ,Asia,Western Asia
Algeria,40.34,Very Low Proficiency,2015,DZ,DZA,Africa,Northern Africa
Saudi Arabia,39.93,Very Low Proficiency,2015,SA,SAU,Asia,Western Asia
Cambodia,39.15,Very Low Proficiency,2015,KH,KHM,Asia,South-eastern Asia
Libya,37.86,Very Low Proficiency,2015,LY,LBY,Africa,Northern Africa
Netherlands,72.16,Very High Proficiency,2016,NL,NLD,Europe,Western Europe
Denmark,71.15,Very High Proficiency,2016,DK,DNK,Europe,Northern Europe
Sweden,70.81,Very High Proficiency,2016,SE,SWE,Europe,Northern Europe
Norway,68.54,Very High Proficiency,2016,NO,NOR,Europe,Northern Europe
Finland,66.61,Very High Proficiency,2016,FI,FIN,Europe,Northern Europe
Singapore,63.52,Very High Proficiency,2016,SG,SGP,Asia,South-eastern Asia
Luxembourg,63.2,Very High Proficiency,2016,LU,LUX,Europe,Western Europe
Austria,62.13,High Proficiency,2016,AT,AUT,Europe,Western Europe
Germany,61.58,High Proficiency,2016,DE,DEU,Europe,Western Europe
Poland,61.49,High Proficiency,2016,PL,POL,Europe,Eastern Europe
Belgium,60.9,High Proficiency,2016,BE,BEL,Europe,Western Europe
Malaysia,60.7,High Proficiency,2016,MY,MYS,Asia,South-eastern Asia
Philippines,60.33,High Proficiency,2016,PH,PHL,Asia,South-eastern Asia
Switzerland,60.17,High Proficiency,2016,CH,CHE,Europe,Western Europe
Portugal,59.68,High Proficiency,2016,PT,PRT,Europe,Southern Europe
Czech Republic,59.09,High Proficiency,2016,CZ,CZE,Europe,Eastern Europe
Serbia,59.07,High Proficiency,2016,RS,SRB,Europe,Southern Europe
Hungary,58.72,High Proficiency,2016,HU,HUN,Europe,Eastern Europe
Argentina,58.4,High Proficiency,2016,AR,ARG,Americas,Latin America and the Caribbean
Romania,58.14,High Proficiency,2016,RO,ROU,Europe,Eastern Europe
Slovakia,57.34,Moderate Proficiency,2016,SK,SVK,Europe,Eastern Europe
India,57.3,Moderate Proficiency,2016,IN,IND,Asia,Southern Asia
Dominican Republic,57.24,Moderate Proficiency,2016,DO,DOM,Americas,Latin America and the Caribbean
Bulgaria,56.79,Moderate Proficiency,2016,BG,BGR,Europe,Eastern Europe
Spain,56.66,Moderate Proficiency,2016,ES,ESP,Europe,Southern Europe
Bosnia and Herzegovina,56.17,Moderate Proficiency,2016,BA,BIH,Europe,Southern Europe
South Korea,54.87,Moderate Proficiency,2016,KR,KOR,Asia,Eastern Asia
Italy,54.63,Moderate Proficiency,2016,IT,ITA,Europe,Southern Europe
France,54.39,Moderate Proficiency,2016,FR,FRA,Europe,Western Europe
Hong Kong,54.29,Moderate Proficiency,2016,HK,HKG,Asia,Eastern Asia
Vietnam,54.06,Moderate Proficiency,2016,VN,VNM,Asia,South-eastern Asia
Indonesia,52.94,Moderate Proficiency,2016,ID,IDN,Asia,South-eastern Asia
Taiwan,52.82,Moderate Proficiency,2016,TW,TWN,,
Russia,52.32,Low Proficiency,2016,RU,RUS,Europe,Eastern Europe
Japan,51.69,Low Proficiency,2016,JP,JPN,Asia,Eastern Asia
Uruguay,51.63,Low Proficiency,2016,UY,URY,Americas,Latin America and the Caribbean
Macao,51.36,Low Proficiency,2016,MO,MAC,Asia,Eastern Asia
Costa Rica,51.35,Low Proficiency,2016,CR,CRI,Americas,Latin America and the Caribbean
China,50.94,Low Proficiency,2016,CN,CHN,Asia,Eastern Asia
Brazil,50.66,Low Proficiency,2016,BR,BRA,Americas,Latin America and the Caribbean
Ukraine,50.62,Low Proficiency,2016,UA,UKR,Europe,Eastern Europe
Chile,50.1,Low Proficiency,2016,CL,CHL,Americas,Latin America and the Caribbean
Mexico,49.88,Low Proficiency,2016,MX,MEX,Americas,Latin America and the Caribbean
Morocco,49.86,Low Proficiency,2016,MA,MAR,Africa,Northern Africa
Peru,49.84,Low Proficiency,2016,PE,PER,Americas,Latin America and the Caribbean
United Arab Emirates,49.81,Low Proficiency,2016,AE,ARE,Asia,Western Asia
Ecuador,49.13,Low Proficiency,2016,EC,ECU,Americas,Latin America and the Caribbean
Pakistan,48.78,Low Proficiency,2016,PK,PAK,Asia,Southern Asia
Colombia,48.41,Very Low Proficiency,2016,CO,COL,Americas,Latin America and the Caribbean
Panama,48.08,Very Low Proficiency,2016,PA,PAN,Americas,Latin America and the Caribbean
Turkey,47.89,Very Low Proficiency,2016,TR,TUR,Asia,Western Asia
Tunisia,47.7,Very Low Proficiency,2016,TN,TUN,Africa,Northern Africa
Guatemala,47.64,Very Low Proficiency,2016,GT,GTM,Americas,Latin America and the Caribbean
Kazakhstan,47.42,Very Low Proficiency,2016,KZ,KAZ,Asia,Central Asia
Egypt,47.32,Very Low Proficiency,2016,EG,EGY,Africa,Northern Africa
Thailand,47.21,Very Low Proficiency,2016,TH,THA,Asia,South-eastern Asia
Azerbaijan,46.9,Very Low Proficiency,2016,AZ,AZE,Asia,Western Asia
Sri Lanka,46.58,Very Low Proficiency,2016,LK,LKA,Asia,Southern Asia
Qatar,46.57,Very Low Proficiency,2016,QA,QAT,Asia,Western Asia
Venezuela,46.53,Very Low Proficiency,2016,VE,VEN,Americas,Latin America and the Caribbean
Iran,46.38,Very Low Proficiency,2016,IR,IRN,Asia,Southern Asia
Jordan,45.85,Very Low Proficiency,2016,JO,JOR,Asia,Western Asia
El Salvador,43.83,Very Low Proficiency,2016,SV,SLV,Americas,Latin America and the Caribbean
Oman,43.44,Very Low Proficiency,2016,OM,OMN,Asia,Western Asia
Kuwait,42.98,Very Low Proficiency,2016,KW,KWT,Asia,Western Asia
Mongolia,42.77,Very Low Proficiency,2016,MN,MNG,Asia,Eastern Asia
Algeria,41.6,Very Low Proficiency,2016,DZ,DZA,Africa,Northern Africa
Saudi Arabia,40.91,Very Low Proficiency,2016,SA,SAU,Asia,Western Asia
Cambodia,39.48,Very Low Proficiency,2016,KH,KHM,Asia,South-eastern Asia
Laos,38.45,Very Low Proficiency,2016,LA,LAO,Asia,South-eastern Asia
Libya,37.82,Very Low Proficiency,2016,LY,LBY,Africa,Northern Africa
Iraq,37.65,Very Low Proficiency,2016,IQ,IRQ,Asia,Western Asia
Netherlands,71.45,Very High Proficiency,2017,NL,NLD,Europe,Western Europe
Sweden,70.4,Very High Proficiency,2017,SE,SWE,Europe,Northern Europe
Denmark,69.93,Very High Proficiency,2017,DK,DNK,Europe,Northern Europe
Norway,67.77,Very High Proficiency,2017,NO,NOR,Europe,Northern Europe
Singapore,66.03,Very High Proficiency,2017,SG,SGP,Asia,South-eastern Asia
Finland,65.83,Very High Proficiency,2017,FI,FIN,Europe,Northern Europe
Luxembourg,64.57,Very High Proficiency,2017,LU,LUX,Europe,Western Europe
South Africa,63.37,Very High Proficiency,2017,ZA,ZAF,Africa,Sub-Saharan Africa
Germany,62.35,High Proficiency,2017,DE,DEU,Europe,Western Europe
Austria,62.18,High Proficiency,2017,AT,AUT,Europe,Western Europe
Poland,62.07,High Proficiency,2017,PL,POL,Europe,Eastern Europe
Belgium,61.58,High Proficiency,2017,BE,BEL,Europe,Western Europe
Malaysia,61.07,High Proficiency,2017,MY,MYS,Asia,South-eastern Asia
Switzerland,60.95,High Proficiency,2017,CH,CHE,Europe,Western Europe
Philippines,60.59,High Proficiency,2017,PH,PHL,Asia,South-eastern Asia
Serbia,59.37,High Proficiency,2017,RS,SRB,Europe,Southern Europe
Romania,59.13,High Proficiency,2017,RO,ROU,Europe,Eastern Europe
Portugal,58.76,High Proficiency,2017,PT,PRT,Europe,Southern Europe
Hungary,58.61,High Proficiency,2017,HU,HUN,Europe,Eastern Europe
Czech Republic,57.87,High Proficiency,2017,CZ,CZE,Europe,Eastern Europe
Slovakia,57.63,High Proficiency,2017,SK,SVK,Europe,Eastern Europe
Bulgaria,57.34,Moderate Proficiency,2017,BG,BGR,Europe,Eastern Europe
Greece,57.14,Moderate Proficiency,2017,GR,GRC,Europe,Southern Europe
Lithuania,57.08,Moderate Proficiency,2017,LT,LTU,Europe,Northern Europe
Argentina,56.51,Moderate Proficiency,2017,AR,ARG,Americas,Latin America and the Caribbean
Dominican Republic,56.31,Moderate Proficiency,2017,DO,DOM,Americas,Latin America and the Caribbean
India,56.12,Moderate Proficiency,2017,IN,IND,Asia,Southern Asia
Spain,56.06,Moderate Proficiency,2017,ES,ESP,Europe,Southern Europe
Hong Kong,55.81,Moderate Proficiency,2017,HK,HKG,Asia,Eastern Asia
South Korea,55.32,Moderate Proficiency,2017,KR,KOR,Asia,Eastern Asia
Nigeria,54.74,Moderate Proficiency,2017,NG,NGA,Africa,Sub-Saharan Africa
France,54.39,Moderate Proficiency,2017,FR,FRA,Europe,Western Europe
Italy,54.19,Moderate Proficiency,2017,IT,ITA,Europe,Southern Europe
Vietnam,53.43,Moderate Proficiency,2017,VN,VNM,Asia,South-eastern Asia
Costa Rica,53.13,Moderate Proficiency,2017,CR,CRI,Americas,Latin America and the Caribbean
China,52.45,Low Proficiency,2017,CN,CHN,Asia,Eastern Asia
Japan,52.34,Low Proficiency,2017,JP,JPN,Asia,Eastern Asia
Russia,52.19,Low Proficiency,2017,RU,RUS,Europe,Eastern Europe
Indonesia,52.15,Low Proficiency,2017,ID,IDN,Asia,South-eastern Asia
Taiwan,52.04,Low Proficiency,2017,TW,TWN,,
Brazil,51.92,Low Proficiency,2017,BR,BRA,Americas,Latin America and the Caribbean
Macao,51.87,Low Proficiency,2017,MO,MAC,Asia,Eastern Asia
Uruguay,51.73,Low Proficiency,2017,UY,URY,Americas,Latin America and the Caribbean
Mexico,51.57,Low Proficiency,2017,MX,MEX,Americas,Latin America and the Caribbean
Chile,51.5,Low Proficiency,2017,CL,CHL,Americas,Latin America and the Caribbean
Bangladesh,50.96,Low Proficiency,2017,BD,BGD,Asia,Southern Asia
Ukraine,50.91,Low Proficiency,2017,UA,UKR,Europe,Eastern Europe
Cuba,50.83,Low Proficiency,2017,CU,CUB,Americas,Latin America and the Caribbean
Panama,50.68,Low Proficiency,2017,PA,PAN,Americas,Latin America and the Caribbean
Peru,50.5,Low Proficiency,2017,PE,PER,Americas,Latin America and the Caribbean
Colombia,49.97,Low Proficiency,2017,CO,COL,Americas,Latin America and the Caribbean
Pakistan,49.88,Low Proficiency,2017,PK,PAK,Asia,Southern Asia
Thailand,49.78,Low Proficiency,2017,TH,THA,Asia,South-eastern Asia
Guatemala,49.52,Low Proficiency,2017,GT,GTM,Americas,Latin America and the Caribbean
Ecuador,49.42,Low Proficiency,2017,EC,ECU,Americas,Latin America and the Caribbean
Tunisia,49.01,Low Proficiency,2017,TN,TUN,Africa,Northern Africa
United Arab Emirates,48.88,Low Proficiency,2017,AE,ARE,Asia,Western Asia
Syria,48.49,Very Low Proficiency,2017,SY,SYR,Asia,Western Asia
Qatar,48.19,Very Low Proficiency,2017,QA,QAT,Asia,Western Asia
Morocco,47.91,Very Low Proficiency,2017,MA,MAR,Africa,Northern Africa
Sri Lanka,47.84,Very Low Proficiency,2017,LK,LKA,Asia,Southern Asia
Turkey,47.8,Very Low Proficiency,2017,TR,TUR,Asia,Western Asia
Jordan,47.4,Very Low Proficiency,2017,JO,JOR,Asia,Western Asia
Azerbaijan,46.97,Very Low Proficiency,2017,AZ,AZE,Asia,Western Asia
Iran,46.6,Very Low Proficiency,2017,IR,IRN,Asia,Southern Asia
Egypt,46.51,Very Low Proficiency,2017,EG,EGY,Africa,Northern Africa
Kazakhstan,45.95,Very Low Proficiency,2017,KZ,KAZ,Asia,Central Asia
Venezuela,45.71,Very Low Proficiency,2017,VE,VEN,Americas,Latin America and the Caribbean
El Salvador,45.7,Very Low Proficiency,2017,SV,SLV,Americas,Latin America and the Caribbean
Oman,44.48,Very Low Proficiency,2017,OM,OMN,Asia,Western Asia
Mongolia,44.21,Very Low Proficiency,2017,MN,MNG,Asia,Eastern Asia
Saudi Arabia,43.98,Very Low Proficiency,2017,SA,SAU,Asia,Western Asia
Angola,43.49,Very Low Proficiency,2017,AO,AGO,Africa,Sub-Saharan Africa
Kuwait,42.77,Very Low Proficiency,2017,KW,KWT,Asia,Western Asia
Cameroon,42.45,Very Low Proficiency,2017,CM,CMR,Africa,Sub-Saharan Africa
Algeria,42.11,Very Low Proficiency,2017,DZ,DZA,Africa,Northern Africa
Cambodia,41.98,Very Low Proficiency,2017,KH,KHM,Asia,South-eastern Asia
Libya,38.61,Very Low Proficiency,2017,LY,LBY,Africa,Northern Africa
Iraq,38.12,Very Low Proficiency,2017,IQ,IRQ,Asia,Western Asia
Laos,37.56,Very Low Proficiency,2017,LA,LAO,Asia,South-eastern Asia
Sweden,70.72,Very High Proficiency,2018,SE,SWE,Europe,Northern Europe
Netherlands,70.31,Very High Proficiency,2018,NL,NLD,Europe,Western Europe
Singapore,68.63,Very High Proficiency,2018,SG,SGP,Asia,South-eastern Asia
Norway,68.38,Very High Proficiency,2018,NO,NOR,Europe,Northern Europe
Denmark,67.34,Very High Proficiency,2018,DK,DNK,Europe,Northern Europe
South Africa,66.52,Very High Proficiency,2018,ZA,ZAF,Africa,Sub-Saharan Africa
Luxembourg,66.33,Very High Proficiency,2018,LU,LUX,Europe,Western Europe
Finland,65.86,Very High Proficiency,2018,FI,FIN,Europe,Northern Europe
Slovenia,64.84,Very High Proficiency,2018,SI,SVN,Europe,Southern Europe
Germany,63.74,Very High Proficiency,2018,DE,DEU,Europe,Western Europe
Belgium,63.52,Very High Proficiency,2018,BE,BEL,Europe,Western Europe
Austria,63.13,Very High Proficiency,2018,AT,AUT,Europe,Western Europe
Poland,62.45,High Proficiency,2018,PL,POL,Europe,Eastern Europe
Philippines,61.84,High Proficiency,2018,PH,PHL,Asia,South-eastern Asia
Switzerland,61.77,High Proficiency,2018,CH,CHE,Europe,Western Europe
Romania,60.31,High Proficiency,2018,RO,ROU,Europe,Eastern Europe
Croatia,60.16,High Proficiency,2018,HR,HRV,Europe,Southern Europe
Serbia,60.04,High Proficiency,2018,RS,SRB,Europe,Southern Europe
Portugal,60.02,High Proficiency,2018,PT,PRT,Europe,Southern Europe
Czech Republic,59.99,High Proficiency,2018,CZ,CZE,Europe,Eastern Europe
Hungary,59.51,High Proficiency,2018,HU,HUN,Europe,Eastern Europe
Malaysia,59.32,High Proficiency,2018,MY,MYS,Asia,South-eastern Asia
Greece,58.49,High Proficiency,2018,GR,GRC,Europe,Southern Europe
Slovakia,58.11,High Proficiency,2018,SK,SVK,Europe,Eastern Europe
Bulgaria,57.95,High Proficiency,2018,BG,BGR,Europe,Eastern Europe
Lithuania,57.81,High Proficiency,2018,LT,LTU,Europe,Northern Europe
Argentina,57.58,High Proficiency,2018,AR,ARG,Americas,Latin America and the Caribbean
India,57.13,Moderate Proficiency,2018,IN,IND,Asia,Southern Asia
Nigeria,56.72,Moderate Proficiency,2018,NG,NGA,Africa,Sub-Saharan Africa
Hong Kong,56.38,Moderate Proficiency,2018,HK,HKG,Asia,Eastern Asia
South Korea,56.27,Moderate Proficiency,2018,KR,KOR,Asia,Eastern Asia
Spain,55.85,Moderate Proficiency,2018,ES,ESP,Europe,Southern Europe
Lebanon,55.79,Moderate Proficiency,2018,LB,LBN,Asia,Western Asia
Italy,55.77,Moderate Proficiency,2018,IT,ITA,Europe,Southern Europe
France,55.49,Moderate Proficiency,2018,FR,FRA,Europe,Western Europe
Costa Rica,55.01,Moderate Proficiency,2018,CR,CRI,Americas,Latin America and the Caribbean
Dominican Republic,54.97,Moderate Proficiency,2018,DO,DOM,Americas,Latin America and the Caribbean
Belarus,53.53,Moderate Proficiency,2018,BY,BLR,Europe,Eastern Europe
Senegal,53.5,Moderate Proficiency,2018,SN,SEN,Africa,Sub-Saharan Africa
Uruguay,53.41,Moderate Proficiency,2018,UY,URY,Americas,Latin America and the Caribbean
Vietnam,53.12,Moderate Proficiency,2018,VN,VNM,Asia,South-eastern Asia
Russia,52.96,Moderate Proficiency,2018,RU,RUS,Europe,Eastern Europe
Ukraine,52.86,Moderate Proficiency,2018,UA,UKR,Europe,Eastern Europe
Macao,52.57,Moderate Proficiency,2018,MO,MAC,Asia,Eastern Asia
Georgia,52.28,Low Proficiency,2018,GE,GEO,Asia,Western Asia
Chile,52.01,Low Proficiency,2018,CL,CHL,Americas,Latin America and the Caribbean
China,51.94,Low Proficiency,2018,CN,CHN,Asia,Eastern Asia
Taiwan,51.88,Low Proficiency,2018,TW,TWN,,
Japan,51.8,Low Proficiency,2018,JP,JPN,Asia,Eastern Asia
Pakistan,51.66,Low Proficiency,2018,PK,PAK,Asia,Southern Asia
Indonesia,51.58,Low Proficiency,2018,ID,IDN,Asia,South-eastern Asia
Albania,51.49,Low Proficiency,2018,AL,ALB,Europe,Southern Europe
Brazil,50.93,Low Proficiency,2018,BR,BRA,Americas,Latin America and the Caribbean
Ethiopia,50.79,Low Proficiency,2018,ET,ETH,Africa,Sub-Saharan Africa
Guatemala,50.63,Low Proficiency,2018,GT,GTM,Americas,Latin America and the Caribbean
Panama,49.98,Low Proficiency,2018,PA,PAN,Americas,Latin America and the Caribbean
Mexico,49.76,Low Proficiency,2018,MX,MEX,Americas,Latin America and the Caribbean
Sri Lanka,49.39,Low Proficiency,2018,LK,LKA,Asia,Southern Asia
Peru,49.32,Low Proficiency,2018,PE,PER,Americas,Latin America and the Caribbean
Colombia,48.9,Low Proficiency,2018,CO,COL,Americas,Latin America and the Caribbean
Bolivia,48.87,Low Proficiency,2018,BO,BOL,Americas,Latin America and the Caribbean
Egypt,48.76,Low Proficiency,2018,EG,EGY,Africa,Northern Africa
Bangladesh,48.72,Low Proficiency,2018,BD,BGD,Asia,Southern Asia
Thailand,48.54,Low Proficiency,2018,TH,THA,Asia,South-eastern Asia
Ecuador,48.52,Low Proficiency,2018,EC,ECU,Americas,Latin America and the Caribbean
Iran,48.29,Very Low Proficiency,2018,IR,IRN,Asia,Southern Asia
Morocco,48.1,Very Low Proficiency,2018,MA,MAR,Africa,Northern Africa
Tunisia,47.85,Very Low Proficiency,2018,TN,TUN,Africa,Northern Africa
Honduras,47.8,Very Low Proficiency,2018,HN,HND,Americas,Latin America and the Caribbean
El Salvador,47.42,Very Low Proficiency,2018,SV,SLV,Americas,Latin America and the Caribbean
United Arab Emirates,47.27,Very Low Proficiency,2018,AE,ARE,Asia,Western Asia
Nicaragua,47.26,Very Low Proficiency,2018,NI,NIC,Americas,Latin America and the Caribbean
Turkey,47.17,Very Low Proficiency,2018,TR,TUR,Asia,Western Asia
Jordan,47.1,Very Low Proficiency,2018,JO,JOR,Asia,Western Asia
Venezuela,46.61,Very Low Proficiency,2018,VE,VEN,Americas,Latin America and the Caribbean
Syria,46.37,Very Low Proficiency,2018,SY,SYR,Asia,Western Asia
Azerbaijan,45.85,Very Low Proficiency,2018,AZ,AZE,Asia,Western Asia
Kuwait,45.64,Very Low Proficiency,2018,KW,KWT,Asia,Western Asia
Oman,45.56,Very Low Proficiency,2018,OM,OMN,Asia,Western Asia
Kazakhstan,45.19,Very Low Proficiency,2018,KZ,KAZ,Asia,Central Asia
Algeria,44.5,Very Low Proficiency,2018,DZ,DZA,Africa,Northern Africa
Myanmar,44.23,Very Low Proficiency,2018,MM,MMR,Asia,South-eastern Asia
Saudi Arabia,43.65,Very Low Proficiency,2018,SA,SAU,Asia,Western Asia
Afghanistan,43.64,Very Low Proficiency,2018,AF,AFG,Asia,Southern Asia
Cambodia,42.86,Very Low Proficiency,2018,KH,KHM,Asia,South-eastern Asia
Uzbekistan,42.53,Very Low Proficiency,2018,UZ,UZB,Asia,Central Asia
Iraq,40.82,Very Low Proficiency,2018,IQ,IRQ,Asia,Western Asia
Libya,39.64,Very Low Proficiency,2018,LY,LBY,Africa,Northern Africa
Netherlands,70.27,Very High Proficiency,2019,NL,NLD,Europe,Western Europe
Sweden,68.74,Very High Proficiency,2019,SE,SWE,Europe,Northern Europe
Norway,67.93,Very High Proficiency,2019,NO,NOR,Europe,Northern Europe
Denmark,67.87,Very High Proficiency,2019,DK,DNK,Europe,Northern Europe
Singapore,66.82,Very High Proficiency,2019,SG,SGP,Asia,South-eastern Asia
South Africa,65.38,Very High Proficiency,2019,ZA,ZAF,Africa,Sub-Saharan Africa
Finland,65.34,Very High Proficiency,2019,FI,FIN,Europe,Northern Europe
Austria,64.11,Very High Proficiency,2019,AT,AUT,Europe,Western Europe
Luxembourg,64.03,Very High Proficiency,2019,LU,LUX,Europe,Western Europe
Germany,63.77,Very High Proficiency,2019,DE,DEU,Europe,Western Europe
Poland,63.76,Very High Proficiency,2019,PL,POL,Europe,Eastern Europe
Portugal,63.14,Very High Proficiency,2019,PT,PRT,Europe,Southern Europe
Belgium,63.09,Very High Proficiency,2019,BE,BEL,Europe,Western Europe
Croatia,63.07,Very High Proficiency,2019,HR,HRV,Europe,Southern Europe
Hungary,61.86,High Proficiency,2019,HU,HUN,Europe,Eastern Europe
Romania,61.36,High Proficiency,2019,RO,ROU,Europe,Eastern Europe
Serbia,61.3,High Proficiency,2019,RS,SRB,Europe,Southern Europe
Kenya,60.51,High Proficiency,2019,KE,KEN,Africa,Sub-Saharan Africa
Switzerland,60.23,High Proficiency,2019,CH,CHE,Europe,Western Europe
Philippines,60.14,High Proficiency,2019,PH,PHL,Asia,South-eastern Asia
Lithuania,60.11,High Proficiency,2019,LT,LTU,Europe,Northern Europe
Greece,59.87,High Proficiency,2019,GR,GRC,Europe,Southern Europe
Czech Republic,59.3,High Proficiency,2019,CZ,CZE,Europe,Eastern Europe
Bulgaria,58.97,High Proficiency,2019,BG,BGR,Europe,Eastern Europe
Slovakia,58.82,High Proficiency,2019,SK,SVK,Europe,Eastern Europe
Malaysia,58.55,High Proficiency,2019,MY,MYS,Asia,South-eastern Asia
Argentina,58.38,High Proficiency,2019,AR,ARG,Americas,Latin America and the Caribbean
Estonia,58.29,High Proficiency,2019,EE,EST,Europe,Northern Europe
Nigeria,58.26,High Proficiency,2019,NG,NGA,Africa,Sub-Saharan Africa
Costa Rica,57.38,Moderate Proficiency,2019,CR,CRI,Americas,Latin America and the Caribbean
France,57.25,Moderate Proficiency,2019,FR,FRA,Europe,Western Europe
Latvia,56.85,Moderate Proficiency,2019,LV,LVA,Europe,Northern Europe
Hong Kong,55.63,Moderate Proficiency,2019,HK,HKG,Asia,Eastern Asia
India,55.49,Moderate Proficiency,2019,IN,IND,Asia,Southern Asia
Spain,55.46,Moderate Proficiency,2019,ES,ESP,Europe,Southern Europe
Italy,55.31,Moderate Proficiency,2019,IT,ITA,Europe,Southern Europe
South Korea,55.04,Moderate Proficiency,2019,KR,KOR,Asia,Eastern Asia
Taiwan,54.18,Moderate Proficiency,2019,TW,TWN,,
Uruguay,54.08,Moderate Proficiency,2019,UY,URY,Americas,Latin America and the Caribbean
China,53.44,Moderate Proficiency,2019,CN,CHN,Asia,Eastern Asia
Macao,53.34,Moderate Proficiency,2019,MO,MAC,Asia,Eastern Asia
Chile,52.89,Moderate Proficiency,2019,CL,CHL,Americas,Latin America and the Caribbean
Cuba,52.7,Moderate Proficiency,2019,CU,CUB,Americas,Latin America and the Caribbean
Dominican Republic,52.58,Moderate Proficiency,2019,DO,DOM,Americas,Latin America and the Caribbean
Paraguay,52.51,Moderate Proficiency,2019,PY,PRY,Americas,Latin America and the Caribbean
Guatemala,52.5,Moderate Proficiency,2019,GT,GTM,Americas,Latin America and the Caribbean
Belarus,52.39,Low Proficiency,2019,BY,BLR,Europe,Eastern Europe
Russia,52.14,Low Proficiency,2019,RU,RUS,Europe,Eastern Europe
Ukraine,52.13,Low Proficiency,2019,UA,UKR,Europe,Eastern Europe
Albania,51.99,Low Proficiency,2019,AL,ALB,Europe,Southern Europe
Bolivia,51.64,Low Proficiency,2019,BO,BOL,Americas,Latin America and the Caribbean
Vietnam,51.57,Low Proficiency,2019,VN,VNM,Asia,South-eastern Asia
Japan,51.51,Low Proficiency,2019,JP,JPN,Asia,Eastern Asia
Pakistan,51.41,Low Proficiency,2019,PK,PAK,Asia,Southern Asia
Bahrain,50.92,Low Proficiency,2019,BH,BHR,Asia,Western Asia
Georgia,50.62,Low Proficiency,2019,GE,GEO,Asia,Western Asia
Honduras,50.53,Low Proficiency,2019,HN,HND,Americas,Latin America and the Caribbean
Peru,50.22,Low Proficiency,2019,PE,PER,Americas,Latin America and the Caribbean
Brazil,50.1,Low Proficiency,2019,BR,BRA,Americas,Latin America and the Caribbean
El Salvador,50.09,Low Proficiency,2019,SV,SLV,Americas,Latin America and the Caribbean
Indonesia,50.06,Low Proficiency,2019,ID,IDN,Asia,South-eastern Asia
Nicaragua,49.89,Low Proficiency,2019,NI,NIC,Americas,Latin America and the Caribbean
Ethiopia,49.64,Low Proficiency,2019,ET,ETH,Africa,Sub-Saharan Africa
Panama,49.6,Low Proficiency,2019,PA,PAN,Americas,Latin America and the Caribbean
Tunisia,49.04,Low Proficiency,2019,TN,TUN,Africa,Northern Africa
Nepal,49.0,Low Proficiency,2019,NP,NPL,Asia,Southern Asia
Mexico,48.99,Low Proficiency,2019,MX,MEX,Americas,Latin America and the Caribbean
Colombia,48.75,Low Proficiency,2019,CO,COL,Americas,Latin America and the Caribbean
Iran,48.69,Low Proficiency,2019,IR,IRN,Asia,Southern Asia
United Arab Emirates,48.19,Very Low Proficiency,2019,AE,ARE,Asia,Western Asia
Bangladesh,48.11,Very Low Proficiency,2019,BD,BGD,Asia,Southern Asia
Maldives,48.02,Very Low Proficiency,2019,MV,MDV,Asia,Southern Asia
Venezuela,47.81,Very Low Proficiency,2019,VE,VEN,Americas,Latin America and the Caribbean
Thailand,47.61,Very Low Proficiency,2019,TH,THA,Asia,South-eastern Asia
Jordan,47.21,Very Low Proficiency,2019,JO,JOR,Asia,Western Asia
Morocco,47.19,Very Low Proficiency,2019,MA,MAR,Africa,Northern Africa
Egypt,47.11,Very Low Proficiency,2019,EG,EGY,Africa,Northern Africa
Sri Lanka,47.1,Very Low Proficiency,2019,LK,LKA,Asia,Southern Asia
Turkey,46.81,Very Low Proficiency,2019,TR,TUR,Asia,Western Asia
Qatar,46.79,Very Low Proficiency,2019,QA,QAT,Asia,Western Asia
Ecuador,46.57,Very Low Proficiency,2019,EC,ECU,Americas,Latin America and the Caribbean
Syria,46.36,Very Low Proficiency,2019,SY,SYR,Asia,Western Asia
Cameroon,46.28,Very Low Proficiency,2019,CM,CMR,Africa,Sub-Saharan Africa
Kuwait,46.22,Very Low Proficiency,2019,KW,KWT,Asia,Western Asia
Azerbaijan,46.13,Very Low Proficiency,2019,AZ,AZE,Asia,Western Asia
Myanmar,46.0,Very Low Proficiency,2019,MM,MMR,Asia,South-eastern Asia
Sudan,45.94,Very Low Proficiency,2019,SD,SDN,Africa,Northern Africa
Mongolia,45.56,Very Low Proficiency,2019,MN,MNG,Asia,Eastern Asia
Afghanistan,45.36,Very Low Proficiency,2019,AF,AFG,Asia,Southern Asia
Algeria,45.28,Very Low Proficiency,2019,DZ,DZA,Africa,Northern Africa
Angola,44.54,Very Low Proficiency,2019,AO,AGO,Africa,Sub-Saharan Africa
Oman,44.39,Very Low Proficiency,2019,OM,OMN,Asia,Western Asia
Kazakhstan,43.83,Very Low Proficiency,2019,KZ,KAZ,Asia,Central Asia
Cambodia,43.78,Very Low Proficiency,2019,KH,KHM,Asia,South-eastern Asia
Uzbekistan,43.18,Very Low Proficiency,2019,UZ,UZB,Asia,Central Asia
Ivory Coast,42.41,Very Low Proficiency,2019,CI,CIV,Africa,Sub-Saharan Africa
Iraq,42.39,Very Low Proficiency,2019,IQ,IRQ,Asia,Western Asia
Saudi Arabia,41.6,Very Low Proficiency,2019,SA,SAU,Asia,Western Asia
Kyrgyzstan,41.51,Very Low Proficiency,2019,KG,KGZ,Asia,Central Asia
Libya,40.87,Very Low Proficiency,2019,LY,LBY,Africa,Northern Africa
Netherlands,652.0,Very High Proficiency,2020,NL,NLD,Europe,Western Europe
Denmark,632.0,Very High Proficiency,2020,DK,DNK,Europe,Northern Europe
Finland,631.0,Very High Proficiency,2020,FI,FIN,Europe,Northern Europe
Sweden,625.0,Very High Proficiency,2020,SE,SWE,Europe,Northern Europe
Norway,624.0,Very High Proficiency,2020,NO,NOR,Europe,Northern Europe
Austria,623.0,Very High Proficiency,2020,AT,AUT,Europe,Western Europe
Portugal,618.0,Very High Proficiency,2020,PT,PRT,Europe,Southern Europe
Germany,616.0,Very High Proficiency,2020,DE,DEU,Europe,Western Europe
Belgium,612.0,Very High Proficiency,2020,BE,BEL,Europe,Western Europe
Singapore,611.0,Very High Proficiency,2020,SG,SGP,Asia,South-eastern Asia
Luxembourg,610.0,Very High Proficiency,2020,LU,LUX,Europe,Western Europe
South Africa,607.0,Very High Proficiency,2020,ZA,ZAF,Africa,Sub-Saharan Africa
Croatia,599.0,High Proficiency,2020,HR,HRV,Europe,Southern Europe
Hungary,598.0,High Proficiency,2020,HU,HUN,Europe,Eastern Europe
Serbia,597.0,High Proficiency,2020,RS,SRB,Europe,Southern Europe
Poland,596.0,High Proficiency,2020,PL,POL,Europe,Eastern Europe
Romania,589.0,High Proficiency,2020,RO,ROU,Europe,Eastern Europe
Switzerland,588.0,High Proficiency,2020,CH,CHE,Europe,Western Europe
Czech Republic,580.0,High Proficiency,2020,CZ,CZE,Europe,Eastern Europe
Bulgaria,579.0,High Proficiency,2020,BG,BGR,Europe,Eastern Europe
Greece,578.0,High Proficiency,2020,GR,GRC,Europe,Southern Europe
Kenya,577.0,High Proficiency,2020,KE,KEN,Africa,Sub-Saharan Africa
Slovakia,577.0,High Proficiency,2020,SK,SVK,Europe,Eastern Europe
Lithuania,570.0,High Proficiency,2020,LT,LTU,Europe,Northern Europe
Argentina,566.0,High Proficiency,2020,AR,ARG,Americas,Latin America and the Caribbean
Estonia,566.0,High Proficiency,2020,EE,EST,Europe,Northern Europe
Philippines,562.0,High Proficiency,2020,PH,PHL,Asia,South-eastern Asia
France,559.0,High Proficiency,2020,FR,FRA,Europe,Western Europe
Latvia,555.0,High Proficiency,2020,LV,LVA,Europe,Northern Europe
Italy,547.0,Moderate Proficiency,2020,IT,ITA,Europe,Southern Europe
Malaysia,547.0,Moderate Proficiency,2020,MY,MYS,Asia,South-eastern Asia
South Korea,545.0,Moderate Proficiency,2020,KR,KOR,Asia,Eastern Asia
Hong Kong,542.0,Moderate Proficiency,2020,HK,HKG,Asia,Eastern Asia
Nigeria,537.0,Moderate Proficiency,2020,NG,NGA,Africa,Sub-Saharan Africa
Spain,537.0,Moderate Proficiency,2020,ES,ESP,Europe,Southern Europe
Costa Rica,530.0,Moderate Proficiency,2020,CR,CRI,Americas,Latin America and the Caribbean
Chile,523.0,Moderate Proficiency,2020,CL,CHL,Americas,Latin America and the Caribbean
China,520.0,Moderate Proficiency,2020,CN,CHN,Asia,Eastern Asia
Paraguay,517.0,Moderate Proficiency,2020,PY,PRY,Americas,Latin America and the Caribbean
Belarus,513.0,Moderate Proficiency,2020,BY,BLR,Europe,Eastern Europe
Cuba,512.0,Moderate Proficiency,2020,CU,CUB,Americas,Latin America and the Caribbean
Russia,512.0,Moderate Proficiency,2020,RU,RUS,Europe,Eastern Europe
Albania,511.0,Moderate Proficiency,2020,AL,ALB,Europe,Southern Europe
Ukraine,510.0,Moderate Proficiency,2020,UA,UKR,Europe,Eastern Europe
Macao,505.0,Moderate Proficiency,2020,MO,MAC,Asia,Eastern Asia
Bolivia,504.0,Moderate Proficiency,2020,BO,BOL,Americas,Latin America and the Caribbean
Georgia,503.0,Moderate Proficiency,2020,GE,GEO,Asia,Western Asia
Dominican Republic,499.0,Low Proficiency,2020,DO,DOM,Americas,Latin America and the Caribbean
Honduras,498.0,Low Proficiency,2020,HN,HND,Americas,Latin America and the Caribbean
India,496.0,Low Proficiency,2020,IN,IND,Asia,Southern Asia
Armenia,494.0,Low Proficiency,2020,AM,ARM,Asia,Western Asia
Uruguay,494.0,Low Proficiency,2020,UY,URY,Americas,Latin America and the Caribbean
Brazil,490.0,Low Proficiency,2020,BR,BRA,Americas,Latin America and the Caribbean
Tunisia,489.0,Low Proficiency,2020,TN,TUN,Africa,Northern Africa
Japan,487.0,Low Proficiency,2020,JP,JPN,Asia,Eastern Asia
El Salvador,483.0,Low Proficiency,2020,SV,SLV,Americas,Latin America and the Caribbean
Iran,483.0,Low Proficiency,2020,IR,IRN,Asia,Southern Asia
Panama,483.0,Low Proficiency,2020,PA,PAN,Americas,Latin America and the Caribbean
Peru,482.0,Low Proficiency,2020,PE,PER,Americas,Latin America and the Caribbean
Nepal,480.0,Low Proficiency,2020,NP,NPL,Asia,Southern Asia
Pakistan,478.0,Low Proficiency,2020,PK,PAK,Asia,Southern Asia
Ethiopia,477.0,Low Proficiency,2020,ET,ETH,Africa,Sub-Saharan Africa
Bangladesh,476.0,Low Proficiency,2020,BD,BGD,Asia,Southern Asia
Guatemala,476.0,Low Proficiency,2020,GT,GTM,Americas,Latin America and the Caribbean
Vietnam,473.0,Low Proficiency,2020,VN,VNM,Asia,South-eastern Asia
United Arab Emirates,472.0,Low Proficiency,2020,AE,ARE,Asia,Western Asia
Venezuela,471.0,Low Proficiency,2020,VE,VEN,Americas,Latin America and the Caribbean
Sri Lanka,466.0,Low Proficiency,2020,LK,LKA,Asia,Southern Asia
Turkey,465.0,Low Proficiency,2020,TR,TUR,Asia,Western Asia
Kuwait,461.0,Low Proficiency,2020,KW,KWT,Asia,Western Asia
Qatar,459.0,Low Proficiency,2020,QA,QAT,Asia,Western Asia
Jordan,456.0,Low Proficiency,2020,JO,JOR,Asia,Western Asia
Nicaragua,455.0,Low Proficiency,2020,NI,NIC,Americas,Latin America and the Caribbean
Bahrain,453.0,Low Proficiency,2020,BH,BHR,Asia,Western Asia
Indonesia,453.0,Low Proficiency,2020,ID,IDN,Asia,South-eastern Asia
Morocco,453.0,Low Proficiency,2020,MA,MAR,Africa,Northern Africa
Colombia,448.0,Very Low Proficiency,2020,CO,COL,Americas,Latin America and the Caribbean
Mongolia,446.0,Very Low Proficiency,2020,MN,MNG,Asia,Eastern Asia
Afghanistan,445.0,Very Low Proficiency,2020,AF,AFG,Asia,Southern Asia
Angola,444.0,Very Low Proficiency,2020,AO,AGO,Africa,Sub-Saharan Africa
Algeria,442.0,Very Low Proficiency,2020,DZ,DZA,Africa,Northern Africa
Mexico,440.0,Very Low Proficiency,2020,MX,MEX,Americas,Latin America and the Caribbean
Egypt,437.0,Very Low Proficiency,2020,EG,EGY,Africa,Northern Africa
Cambodia,435.0,Very Low Proficiency,2020,KH,KHM,Asia,South-eastern Asia
Sudan,434.0,Very Low Proficiency,2020,SD,SDN,Africa,Northern Africa
Azerbaijan,432.0,Very Low Proficiency,2020,AZ,AZE,Asia,Western Asia
Syria,431.0,Very Low Proficiency,2020,SY,SYR,Asia,Western Asia
Uzbekistan,430.0,Very Low Proficiency,2020,UZ,UZB,Asia,Central Asia
Cameroon,419.0,Very Low Proficiency,2020,CM,CMR,Africa,Sub-Saharan Africa
Thailand,419.0,Very Low Proficiency,2020,TH,THA,Asia,South-eastern Asia
Ivory Coast,414.0,Very Low Proficiency,2020,CI,CIV,Africa,Sub-Saharan Africa
Kazakhstan,412.0,Very Low Proficiency,2020,KZ,KAZ,Asia,Central Asia
Ecuador,411.0,Very Low Proficiency,2020,EC,ECU,Americas,Latin America and the Caribbean
Myanmar,411.0,Very Low Proficiency,2020,MM,MMR,Asia,South-eastern Asia
Rwanda,408.0,Very Low Proficiency,2020,RW,RWA,Africa,Sub-Saharan Africa
Kyrgyzstan,405.0,Very Low Proficiency,2020,KG,KGZ,Asia,Central Asia
Saudi Arabia,399.0,Very Low Proficiency,2020,SA,SAU,Asia,Western Asia
Oman,398.0,Very Low Proficiency,2020,OM,OMN,Asia,Western Asia
Iraq,383.0,Very Low Proficiency,2020,IQ,IRQ,Asia,Western Asia
Tajikistan,381.0,Very Low Proficiency,2020,TJ,TJK,Asia,Central Asia
Netherlands,663.0,Very High Proficiency,2021,NL,NLD,Europe,Western Europe
Austria,641.0,Very High Proficiency,2021,AT,AUT,Europe,Western Europe
Denmark,636.0,Very High Proficiency,2021,DK,DNK,Europe,Northern Europe
Singapore,635.0,Very High Proficiency,2021,SG,SGP,Asia,South-eastern Asia
Norway,632.0,Very High Proficiency,2021,NO,NOR,Europe,Northern Europe
Belgium,629.0,Very High Proficiency,2021,BE,BEL,Europe,Western Europe
Portugal,625.0,Very High Proficiency,2021,PT,PRT,Europe,Southern Europe
Sweden,623.0,Very High Proficiency,2021,SE,SWE,Europe,Northern Europe
Finland,618.0,Very High Proficiency,2021,FI,FIN,Europe,Northern Europe
Croatia,617.0,Very High Proficiency,2021,HR,HRV,Europe,Southern Europe
Germany,616.0,Very High Proficiency,2021,DE,DEU,Europe,Western Europe
South Africa,606.0,Very High Proficiency,2021,ZA,ZAF,Africa,Sub-Saharan Africa
Luxembourg,604.0,Very High Proficiency,2021,LU,LUX,Europe,Western Europe
Serbia,599.0,High Proficiency,2021,RS,SRB,Europe,Southern Europe
Romania,598.0,High Proficiency,2021,RO,ROU,Europe,Eastern Europe
Poland,597.0,High Proficiency,2021,PL,POL,Europe,Eastern Europe
Hungary,593.0,High Proficiency,2021,HU,HUN,Europe,Eastern Europe
Philippines,592.0,High Proficiency,2021,PH,PHL,Asia,South-eastern Asia
Greece,591.0,High Proficiency,2021,GR,GRC,Europe,Southern Europe
Slovakia,590.0,High Proficiency,2021,SK,SVK,Europe,Eastern Europe
Kenya,587.0,High Proficiency,2021,KE,KEN,Africa,Sub-Saharan Africa
Estonia,581.0,High Proficiency,2021,EE,EST,Europe,Northern Europe
Bulgaria,580.0,High Proficiency,2021,BG,BGR,Europe,Eastern Europe
Lithuania,579.0,High Proficiency,2021,LT,LTU,Europe,Northern Europe
Switzerland,575.0,High Proficiency,2021,CH,CHE,Europe,Western Europe
Latvia,569.0,High Proficiency,2021,LV,LVA,Europe,Northern Europe
Czech Republic,563.0,High Proficiency,2021,CZ,CZE,Europe,Eastern Europe
Malaysia,562.0,High Proficiency,2021,MY,MYS,Asia,South-eastern Asia
Nigeria,560.0,High Proficiency,2021,NG,NGA,Africa,Sub-Saharan Africa
Argentina,556.0,High Proficiency,2021,AR,ARG,Americas,Latin America and the Caribbean
France,551.0,High Proficiency,2021,FR,FRA,Europe,Western Europe
Hong Kong,545.0,Moderate Proficiency,2021,HK,HKG,Asia,Eastern Asia
Spain,540.0,Moderate Proficiency,2021,ES,ESP,Europe,Southern Europe
Lebanon,536.0,Moderate Proficiency,2021,LB,LBN,Asia,Western Asia
Italy,535.0,Moderate Proficiency,2021,IT,ITA,Europe,Southern Europe
Moldova,532.0,Moderate Proficiency,2021,MD,MDA,Europe,Eastern Europe
South Korea,529.0,Moderate Proficiency,2021,KR,KOR,Asia,Eastern Asia
Belarus,528.0,Moderate Proficiency,2021,BY,BLR,Europe,Eastern Europe
Albania,527.0,Moderate Proficiency,2021,AL,ALB,Europe,Southern Europe
Ukraine,525.0,Moderate Proficiency,2021,UA,UKR,Europe,Eastern Europe
Bolivia,524.0,Moderate Proficiency,2021,BO,BOL,Americas,Latin America and the Caribbean
Ghana,523.0,Moderate Proficiency,2021,GH,GHA,Africa,Sub-Saharan Africa
Cuba,521.0,Moderate Proficiency,2021,CU,CUB,Americas,Latin America and the Caribbean
Costa Rica,520.0,Moderate Proficiency,2021,CR,CRI,Americas,Latin America and the Caribbean
Dominican Republic,520.0,Moderate Proficiency,2021,DO,DOM,Americas,Latin America and the Caribbean
Paraguay,520.0,Moderate Proficiency,2021,PY,PRY,Americas,Latin America and the Caribbean
Chile,516.0,Moderate Proficiency,2021,CL,CHL,Americas,Latin America and the Caribbean
India,515.0,Moderate Proficiency,2021,IN,IND,Asia,Southern Asia
China,513.0,Moderate Proficiency,2021,CN,CHN,Asia,Eastern Asia
Georgia,512.0,Moderate Proficiency,2021,GE,GEO,Asia,Western Asia
Russia,511.0,Moderate Proficiency,2021,RU,RUS,Europe,Eastern Europe
Tunisia,510.0,Moderate Proficiency,2021,TN,TUN,Africa,Northern Africa
Uruguay,509.0,Moderate Proficiency,2021,UY,URY,Americas,Latin America and the Caribbean
El Salvador,508.0,Moderate Proficiency,2021,SV,SLV,Americas,Latin America and the Caribbean
Honduras,506.0,Moderate Proficiency,2021,HN,HND,Americas,Latin America and the Caribbean
Peru,505.0,Moderate Proficiency,2021,PE,PER,Americas,Latin America and the Caribbean
Macao,504.0,Moderate Proficiency,2021,MO,MAC,Asia,Eastern Asia
Iran,501.0,Moderate Proficiency,2021,IR,IRN,Asia,Southern Asia
Armenia,499.0,Low Proficiency,2021,AM,ARM,Asia,Western Asia
Brazil,497.0,Low Proficiency,2021,BR,BRA,Americas,Latin America and the Caribbean
Guatemala,493.0,Low Proficiency,2021,GT,GTM,Americas,Latin America and the Caribbean
Nepal,492.0,Low Proficiency,2021,NP,NPL,Asia,Southern Asia
Ethiopia,491.0,Low Proficiency,2021,ET,ETH,Africa,Sub-Saharan Africa
Pakistan,491.0,Low Proficiency,2021,PK,PAK,Asia,Southern Asia
Bangladesh,490.0,Low Proficiency,2021,BD,BGD,Asia,Southern Asia
Vietnam,486.0,Low Proficiency,2021,VN,VNM,Asia,South-eastern Asia
Tanzania,485.0,Low Proficiency,2021,TZ,TZA,Africa,Sub-Saharan Africa
Mozambique,482.0,Low Proficiency,2021,MZ,MOZ,Africa,Sub-Saharan Africa
United Arab Emirates,480.0,Low Proficiency,2021,AE,ARE,Asia,Western Asia
Turkey,478.0,Low Proficiency,2021,TR,TUR,Asia,Western Asia
Morocco,477.0,Low Proficiency,2021,MA,MAR,Africa,Northern Africa
Bahrain,476.0,Low Proficiency,2021,BH,BHR,Asia,Western Asia
Panama,475.0,Low Proficiency,2021,PA,PAN,Americas,Latin America and the Caribbean
Venezuela,475.0,Low Proficiency,2021,VE,VEN,Americas,Latin America and the Caribbean
Algeria,474.0,Low Proficiency,2021,DZ,DZA,Africa,Northern Africa
Nicaragua,470.0,Low Proficiency,2021,NI,NIC,Americas,Latin America and the Caribbean
Madagascar,469.0,Low Proficiency,2021,MG,MDG,Africa,Sub-Saharan Africa
Japan,468.0,Low Proficiency,2021,JP,JPN,Asia,Eastern Asia
Qatar,467.0,Low Proficiency,2021,QA,QAT,Asia,Western Asia
Indonesia,466.0,Low Proficiency,2021,ID,IDN,Asia,South-eastern Asia
Colombia,465.0,Low Proficiency,2021,CO,COL,Americas,Latin America and the Caribbean
Sri Lanka,464.0,Low Proficiency,2021,LK,LKA,Asia,Southern Asia
Mongolia,461.0,Low Proficiency,2021,MN,MNG,Asia,Eastern Asia
Kuwait,458.0,Low Proficiency,2021,KW,KWT,Asia,Western Asia
Egypt,455.0,Low Proficiency,2021,EG,EGY,Africa,Northern Africa
Azerbaijan,451.0,Low Proficiency,2021,AZ,AZE,Asia,Western Asia
Afghanistan,448.0,Very Low Proficiency,2021,AF,AFG,Asia,Southern Asia
Uzbekistan,447.0,Very Low Proficiency,2021,UZ,UZB,Asia,Central Asia
Syria,445.0,Very Low Proficiency,2021,SY,SYR,Asia,Western Asia
Ecuador,440.0,Very Low Proficiency,2021,EC,ECU,Americas,Latin America and the Caribbean
Jordan,440.0,Very Low Proficiency,2021,JO,JOR,Asia,Western Asia
Mexico,436.0,Very Low Proficiency,2021,MX,MEX,Americas,Latin America and the Caribbean
Myanmar,429.0,Very Low Proficiency,2021,MM,MMR,Asia,South-eastern Asia
Angola,428.0,Very Low Proficiency,2021,AO,AGO,Africa,Sub-Saharan Africa
Cameroon,428.0,Very Low Proficiency,2021,CM,CMR,Africa,Sub-Saharan Africa
Kazakhstan,426.0,Very Low Proficiency,2021,KZ,KAZ,Asia,Central Asia
Cambodia,423.0,Very Low Proficiency,2021,KH,KHM,Asia,South-eastern Asia
Sudan,421.0,Very Low Proficiency,2021,SD,SDN,Africa,Northern Africa
Ivory Coast,420.0,Very Low Proficiency,2021,CI,CIV,Africa,Sub-Saharan Africa
Thailand,419.0,Very Low Proficiency,2021,TH,THA,Asia,South-eastern Asia
Kyrgyzstan,418.0,Very Low Proficiency,2021,KG,KGZ,Asia,Central Asia
Oman,417.0,Very Low Proficiency,2021,OM,OMN,Asia,Western Asia
Tajikistan,405.0,Very Low Proficiency,2021,TJ,TJK,Asia,Central Asia
Saudi Arabia,404.0,Very Low Proficiency,2021,SA,SAU,Asia,Western Asia
Haiti,403.0,Very Low Proficiency,2021,HT,HTI,Americas,Latin America and the Caribbean
Somalia,401.0,Very Low Proficiency,2021,SO,SOM,Africa,Sub-Saharan Africa
Iraq,399.0,Very Low Proficiency,2021,IQ,IRQ,Asia,Western Asia
Libya,390.0,Very Low Proficiency,2021,LY,LBY,Africa,Northern Africa
Rwanda,389.0,Very Low Proficiency,2021,RW,RWA,Africa,Sub-Saharan Africa
Democratic Republic of the Congo,386.0,Very Low Proficiency,2021,CD,COD,Africa,Sub-Saharan Africa
South Sudan,363.0,Very Low Proficiency,2021,SS,SSD,Africa,Sub-Saharan Africa
Yemen,360.0,Very Low Proficiency,2021,YE,YEM,Asia,Western Asia
Netherlands,661.0,Very High Proficiency,2022,NL,NLD,Europe,Western Europe
Singapore,642.0,Very High Proficiency,2022,SG,SGP,Asia,South-eastern Asia
Austria,628.0,Very High Proficiency,2022,AT,AUT,Europe,Western Europe
Norway,627.0,Very High Proficiency,2022,NO,NOR,Europe,Northern Europe
Denmark,625.0,Very High Proficiency,2022,DK,DNK,Europe,Northern Europe
Belgium,620.0,Very High Proficiency,2022,BE,BEL,Europe,Western Europe
Sweden,618.0,Very High Proficiency,2022,SE,SWE,Europe,Northern Europe
Finland,615.0,Very High Proficiency,2022,FI,FIN,Europe,Northern Europe
Portugal,614.0,Very High Proficiency,2022,PT,PRT,Europe,Southern Europe
Germany,613.0,Very High Proficiency,2022,DE,DEU,Europe,Western Europe
Croatia,612.0,Very High Proficiency,2022,HR,HRV,Europe,Southern Europe
South Africa,609.0,Very High Proficiency,2022,ZA,ZAF,Africa,Sub-Saharan Africa
Poland,600.0,Very High Proficiency,2022,PL,POL,Europe,Eastern Europe
Greece,598.0,High Proficiency,2022,GR,GRC,Europe,Southern Europe
Slovakia,597.0,High Proficiency,2022,SK,SVK,Europe,Eastern Europe
Luxembourg,596.0,High Proficiency,2022,LU,LUX,Europe,Western Europe
Romania,595.0,High Proficiency,2022,RO,ROU,Europe,Eastern Europe
Hungary,590.0,High Proficiency,2022,HU,HUN,Europe,Eastern Europe
Lithuania,589.0,High Proficiency,2022,LT,LTU,Europe,Northern Europe
Kenya,582.0,High Proficiency,2022,KE,KEN,Africa,Sub-Saharan Africa
Bulgaria,581.0,High Proficiency,2022,BG,BGR,Europe,Eastern Europe
Philippines,578.0,High Proficiency,2022,PH,PHL,Asia,South-eastern Asia
Czech Republic,575.0,High Proficiency,2022,CZ,CZE,Europe,Eastern Europe
Malaysia,574.0,High Proficiency,2022,MY,MYS,Asia,South-eastern Asia
Latvia,571.0,High Proficiency,2022,LV,LVA,Europe,Northern Europe
Estonia,570.0,High Proficiency,2022,EE,EST,Europe,Northern Europe
Serbia,567.0,High Proficiency,2022,RS,SRB,Europe,Southern Europe
Nigeria,564.0,High Proficiency,2022,NG,NGA,Africa,Sub-Saharan Africa
Switzerland,563.0,High Proficiency,2022,CH,CHE,Europe,Western Europe
Argentina,562.0,High Proficiency,2022,AR,ARG,Americas,Latin America and the Caribbean
Hong Kong,561.0,High Proficiency,2022,HK,HKG,Asia,Eastern Asia
Italy,548.0,Moderate Proficiency,2022,IT,ITA,Europe,Southern Europe
Spain,545.0,Moderate Proficiency,2022,ES,ESP,Europe,Southern Europe
France,541.0,Moderate Proficiency,2022,FR,FRA,Europe,Western Europe
Ukraine,539.0,Moderate Proficiency,2022,UA,UKR,Europe,Eastern Europe
South Korea,537.0,Moderate Proficiency,2022,KR,KOR,Asia,Eastern Asia
Costa Rica,536.0,Moderate Proficiency,2022,CR,CRI,Americas,Latin America and the Caribbean
Cuba,535.0,Moderate Proficiency,2022,CU,CUB,Americas,Latin America and the Caribbean
Belarus,533.0,Moderate Proficiency,2022,BY,BLR,Europe,Eastern Europe
Russia,530.0,Moderate Proficiency,2022,RU,RUS,Europe,Eastern Europe
Ghana,529.0,Moderate Proficiency,2022,GH,GHA,Africa,Sub-Saharan Africa
Moldova,528.0,Moderate Proficiency,2022,MD,MDA,Europe,Eastern Europe
Paraguay,526.0,Moderate Proficiency,2022,PY,PRY,Americas,Latin America and the Caribbean
Bolivia,525.0,Moderate Proficiency,2022,BO,BOL,Americas,Latin America and the Caribbean
Chile,524.0,Moderate Proficiency,2022,CL,CHL,Americas,Latin America and the Caribbean
Georgia,524.0,Moderate Proficiency,2022,GE,GEO,Asia,Western Asia
Albania,523.0,Moderate Proficiency,2022,AL,ALB,Europe,Southern Europe
Honduras,522.0,Moderate Proficiency,2022,HN,HND,Americas,Latin America and the Caribbean
Uruguay,521.0,Moderate Proficiency,2022,UY,URY,Americas,Latin America and the Caribbean
El Salvador,519.0,Moderate Proficiency,2022,SV,SLV,Americas,Latin America and the Caribbean
Peru,517.0,Moderate Proficiency,2022,PE,PER,Americas,Latin America and the Caribbean
India,516.0,Moderate Proficiency,2022,IN,IND,Asia,Southern Asia
Dominican Republic,514.0,Moderate Proficiency,2022,DO,DOM,Americas,Latin America and the Caribbean
Lebanon,513.0,Moderate Proficiency,2022,LB,LBN,Asia,Western Asia
Uganda,512.0,Moderate Proficiency,2022,UG,UGA,Africa,Sub-Saharan Africa
Tunisia,511.0,Moderate Proficiency,2022,TN,TUN,Africa,Northern Africa
Armenia,506.0,Moderate Proficiency,2022,AM,ARM,Asia,Western Asia
Brazil,505.0,Moderate Proficiency,2022,BR,BRA,Americas,Latin America and the Caribbean
Guatemala,505.0,Moderate Proficiency,2022,GT,GTM,Americas,Latin America and the Caribbean
Vietnam,502.0,Moderate Proficiency,2022,VN,VNM,Asia,South-eastern Asia
Nicaragua,499.0,Low Proficiency,2022,NI,NIC,Americas,Latin America and the Caribbean
China,498.0,Low Proficiency,2022,CN,CHN,Asia,Eastern Asia
Tanzania,496.0,Low Proficiency,2022,TZ,TZA,Africa,Sub-Saharan Africa
Turkey,495.0,Low Proficiency,2022,TR,TUR,Asia,Western Asia
Nepal,494.0,Low Proficiency,2022,NP,NPL,Asia,Southern Asia
Bangladesh,493.0,Low Proficiency,2022,BD,BGD,Asia,Southern Asia
Venezuela,492.0,Low Proficiency,2022,VE,VEN,Americas,Latin America and the Caribbean
Ethiopia,490.0,Low Proficiency,2022,ET,ETH,Africa,Sub-Saharan Africa
Iran,489.0,Low Proficiency,2022,IR,IRN,Asia,Southern Asia
Pakistan,488.0,Low Proficiency,2022,PK,PAK,Asia,Southern Asia
Sri Lanka,487.0,Low Proficiency,2022,LK,LKA,Asia,Southern Asia
Mongolia,485.0,Low Proficiency,2022,MN,MNG,Asia,Eastern Asia
Qatar,484.0,Low Proficiency,2022,QA,QAT,Asia,Western Asia
Israel,483.0,Low Proficiency,2022,IL,ISR,Asia,Western Asia
Panama,482.0,Low Proficiency,2022,PA,PAN,Americas,Latin America and the Caribbean
Morocco,478.0,Low Proficiency,2022,MA,MAR,Africa,Northern Africa
Colombia,477.0,Low Proficiency,2022,CO,COL,Americas,Latin America and the Caribbean
Algeria,476.0,Low Proficiency,2022,DZ,DZA,Africa,Northern Africa
United Arab Emirates,476.0,Low Proficiency,2022,AE,ARE,Asia,Western Asia
Japan,475.0,Low Proficiency,2022,JP,JPN,Asia,Eastern Asia
Indonesia,469.0,Low Proficiency,2022,ID,IDN,Asia,South-eastern Asia
Ecuador,466.0,Low Proficiency,2022,EC,ECU,Americas,Latin America and the Caribbean
Syria,461.0,Low Proficiency,2022,SY,SYR,Asia,Western Asia
Kuwait,459.0,Low Proficiency,2022,KW,KWT,Asia,Western Asia
Egypt,454.0,Low Proficiency,2022,EG,EGY,Africa,Northern Africa
Mozambique,453.0,Low Proficiency,2022,MZ,MOZ,Africa,Sub-Saharan Africa
Afghanistan,450.0,Low Proficiency,2022,AF,AFG,Asia,Southern Asia
Mexico,447.0,Very Low Proficiency,2022,MX,MEX,Americas,Latin America and the Caribbean
Uzbekistan,446.0,Very Low Proficiency,2022,UZ,UZB,Asia,Central Asia
Jordan,443.0,Very Low Proficiency,2022,JO,JOR,Asia,Western Asia
Kyrgyzstan,442.0,Very Low Proficiency,2022,KG,KGZ,Asia,Central Asia
Azerbaijan,440.0,Very Low Proficiency,2022,AZ,AZE,Asia,Western Asia
Myanmar,437.0,Very Low Proficiency,2022,MM,MMR,Asia,South-eastern Asia
Cambodia,434.0,Very Low Proficiency,2022,KH,KHM,Asia,South-eastern Asia
Sudan,426.0,Very Low Proficiency,2022,SD,SDN,Africa,Northern Africa
Cameroon,425.0,Very Low Proficiency,2022,CM,CMR,Africa,Sub-Saharan Africa
Thailand,423.0,Very Low Proficiency,2022,TH,THA,Asia,South-eastern Asia
Haiti,421.0,Very Low Proficiency,2022,HT,HTI,Americas,Latin America and the Caribbean
Kazakhstan,420.0,Very Low Proficiency,2022,KZ,KAZ,Asia,Central Asia
Somalia,414.0,Very Low Proficiency,2022,SO,SOM,Africa,Sub-Saharan Africa
Oman,412.0,Very Low Proficiency,2022,OM,OMN,Asia,Western Asia
Saudi Arabia,406.0,Very Low Proficiency,2022,SA,SAU,Asia,Western Asia
Iraq,404.0,Very Low Proficiency,2022,IQ,IRQ,Asia,Western Asia
Ivory Coast,403.0,Very Low Proficiency,2022,CI,CIV,Africa,Sub-Saharan Africa
Angola,402.0,Very Low Proficiency,2022,AO,AGO,Africa,Sub-Saharan Africa
Tajikistan,397.0,Very Low Proficiency,2022,TJ,TJK,Asia,Central Asia
Rwanda,392.0,Very Low Proficiency,2022,RW,RWA,Africa,Sub-Saharan Africa
Libya,390.0,Very Low Proficiency,2022,LY,LBY,Africa,Northern Africa
Yemen,370.0,Very Low Proficiency,2022,YE,YEM,Asia,Western Asia
Democratic Republic of the Congo,367.0,Very Low Proficiency,2022,CD,COD,Africa,Sub-Saharan Africa
Laos,364.0,Very Low Proficiency,2022,LA,LAO,Asia,South-eastern Asia
Netherlands,647.0,Very High Proficiency,2023,NL,NLD,Europe,Western Europe
Singapore,631.0,Very High Proficiency,2023,SG,SGP,Asia,South-eastern Asia
Austria,616.0,Very High Proficiency,2023,AT,AUT,Europe,Western Europe
Denmark,615.0,Very High Proficiency,2023,DK,DNK,Europe,Northern Europe
Norway,614.0,Very High Proficiency,2023,NO,NOR,Europe,Northern Europe
Sweden,609.0,Very High Proficiency,2023,SE,SWE,Europe,Northern Europe
Belgium,608.0,Very High Proficiency,2023,BE,BEL,Europe,Western Europe
Portugal,607.0,Very High Proficiency,2023,PT,PRT,Europe,Southern Europe
South Africa,605.0,Very High Proficiency,2023,ZA,ZAF,Africa,Sub-Saharan Africa
Germany,604.0,Very High Proficiency,2023,DE,DEU,Europe,Western Europe
Croatia,603.0,Very High Proficiency,2023,HR,HRV,Europe,Southern Europe
Greece,602.0,Very High Proficiency,2023,GR,GRC,Europe,Southern Europe
Poland,598.0,High Proficiency,2023,PL,POL,Europe,Eastern Europe
Finland,597.0,High Proficiency,2023,FI,FIN,Europe,Northern Europe
Romania,596.0,High Proficiency,2023,RO,ROU,Europe,Eastern Europe
Bulgaria,589.0,High Proficiency,2023,BG,BGR,Europe,Eastern Europe
Hungary,588.0,High Proficiency,2023,HU,HUN,Europe,Eastern Europe
Slovakia,587.0,High Proficiency,2023,SK,SVK,Europe,Eastern Europe
Kenya,584.0,High Proficiency,2023,KE,KEN,Africa,Sub-Saharan Africa
Philippines,578.0,High Proficiency,2023,PH,PHL,Asia,South-eastern Asia
Lithuania,576.0,High Proficiency,2023,LT,LTU,Europe,Northern Europe
Luxembourg,575.0,High Proficiency,2023,LU,LUX,Europe,Western Europe
Estonia,570.0,High Proficiency,2023,EE,EST,Europe,Northern Europe
Serbia,569.0,High Proficiency,2023,RS,SRB,Europe,Southern Europe
Malaysia,568.0,High Proficiency,2023,MY,MYS,Asia,South-eastern Asia
Czech Republic,565.0,High Proficiency,2023,CZ,CZE,Europe,Eastern Europe
Nigeria,562.0,High Proficiency,2023,NG,NGA,Africa,Sub-Saharan Africa
Argentina,560.0,High Proficiency,2023,AR,ARG,Americas,Latin America and the Caribbean
Hong Kong,553.0,High Proficiency,2023,HK,HKG,Asia,Eastern Asia
Switzerland,553.0,High Proficiency,2023,CH,CHE,Europe,Western Europe
Honduras,544.0,Moderate Proficiency,2023,HN,HND,Americas,Latin America and the Caribbean
Georgia,541.0,Moderate Proficiency,2023,GE,GEO,Asia,Western Asia
Belarus,539.0,Moderate Proficiency,2023,BY,BLR,Europe,Eastern Europe
Ghana,537.0,Moderate Proficiency,2023,GH,GHA,Africa,Sub-Saharan Africa
Italy,535.0,Moderate Proficiency,2023,IT,ITA,Europe,Southern Europe
Moldova,535.0,Moderate Proficiency,2023,MD,MDA,Europe,Eastern Europe
Spain,535.0,Moderate Proficiency,2023,ES,ESP,Europe,Southern Europe
Costa Rica,534.0,Moderate Proficiency,2023,CR,CRI,Americas,Latin America and the Caribbean
Albania,533.0,Moderate Proficiency,2023,AL,ALB,Europe,Southern Europe
Uruguay,533.0,Moderate Proficiency,2023,UY,URY,Americas,Latin America and the Caribbean
Bolivia,532.0,Moderate Proficiency,2023,BO,BOL,Americas,Latin America and the Caribbean
Russia,532.0,Moderate Proficiency,2023,RU,RUS,Europe,Eastern Europe
Cuba,531.0,Moderate Proficiency,2023,CU,CUB,Americas,Latin America and the Caribbean
France,531.0,Moderate Proficiency,2023,FR,FRA,Europe,Western Europe
Paraguay,530.0,Moderate Proficiency,2023,PY,PRY,Americas,Latin America and the Caribbean
Ukraine,530.0,Moderate Proficiency,2023,UA,UKR,Europe,Eastern Europe
Uganda,529.0,Moderate Proficiency,2023,UG,UGA,Africa,Sub-Saharan Africa
Armenia,528.0,Moderate Proficiency,2023,AM,ARM,Asia,Western Asia
South Korea,525.0,Moderate Proficiency,2023,KR,KOR,Asia,Eastern Asia
El Salvador,524.0,Moderate Proficiency,2023,SV,SLV,Americas,Latin America and the Caribbean
Peru,521.0,Moderate Proficiency,2023,PE,PER,Americas,Latin America and the Caribbean
Chile,518.0,Moderate Proficiency,2023,CL,CHL,Americas,Latin America and the Caribbean
Guatemala,515.0,Moderate Proficiency,2023,GT,GTM,Americas,Latin America and the Caribbean
Israel,514.0,Moderate Proficiency,2023,IL,ISR,Asia,Western Asia
Dominican Republic,512.0,Moderate Proficiency,2023,DO,DOM,Americas,Latin America and the Caribbean
Venezuela,508.0,Moderate Proficiency,2023,VE,VEN,Americas,Latin America and the Caribbean
Nepal,507.0,Moderate Proficiency,2023,NP,NPL,Asia,Southern Asia
Iran,505.0,Moderate Proficiency,2023,IR,IRN,Asia,Southern Asia
Vietnam,505.0,Moderate Proficiency,2023,VN,VNM,Asia,South-eastern Asia
Bangladesh,504.0,Moderate Proficiency,2023,BD,BGD,Asia,Southern Asia
India,504.0,Moderate Proficiency,2023,IN,IND,Asia,Southern Asia
Nicaragua,503.0,Moderate Proficiency,2023,NI,NIC,Americas,Latin America and the Caribbean
Tunisia,502.0,Moderate Proficiency,2023,TN,TUN,Africa,Northern Africa
Pakistan,497.0,Low Proficiency,2023,PK,PAK,Asia,Southern Asia
Lebanon,496.0,Low Proficiency,2023,LB,LBN,Asia,Western Asia
Turkey,493.0,Low Proficiency,2023,TR,TUR,Asia,Western Asia
Sri Lanka,491.0,Low Proficiency,2023,LK,LKA,Asia,Southern Asia
Tanzania,491.0,Low Proficiency,2023,TZ,TZA,Africa,Sub-Saharan Africa
Ethiopia,490.0,Low Proficiency,2023,ET,ETH,Africa,Sub-Saharan Africa
Brazil,487.0,Low Proficiency,2023,BR,BRA,Americas,Latin America and the Caribbean
Panama,486.0,Low Proficiency,2023,PA,PAN,Americas,Latin America and the Caribbean
United Arab Emirates,486.0,Low Proficiency,2023,AE,ARE,Asia,Western Asia
Mongolia,482.0,Low Proficiency,2023,MN,MNG,Asia,Eastern Asia
Qatar,482.0,Low Proficiency,2023,QA,QAT,Asia,Western Asia
Colombia,480.0,Low Proficiency,2023,CO,COL,Americas,Latin America and the Caribbean
Morocco,478.0,Low Proficiency,2023,MA,MAR,Africa,Northern Africa
Algeria,475.0,Low Proficiency,2023,DZ,DZA,Africa,Northern Africa
Madagascar,474.0,Low Proficiency,2023,MG,MDG,Africa,Sub-Saharan Africa
Indonesia,473.0,Low Proficiency,2023,ID,IDN,Asia,South-eastern Asia
Ecuador,467.0,Low Proficiency,2023,EC,ECU,Americas,Latin America and the Caribbean
Syria,467.0,Low Proficiency,2023,SY,SYR,Asia,Western Asia
China,464.0,Low Proficiency,2023,CN,CHN,Asia,Eastern Asia
Azerbaijan,463.0,Low Proficiency,2023,AZ,AZE,Asia,Western Asia
Egypt,463.0,Low Proficiency,2023,EG,EGY,Africa,Northern Africa
Kuwait,461.0,Low Proficiency,2023,KW,KWT,Asia,Western Asia
Malawi,460.0,Low Proficiency,2023,MW,MWI,Africa,Sub-Saharan Africa
Japan,457.0,Low Proficiency,2023,JP,JPN,Asia,Eastern Asia
Afghanistan,456.0,Low Proficiency,2023,AF,AFG,Asia,Southern Asia
Mexico,451.0,Low Proficiency,2023,MX,MEX,Americas,Latin America and the Caribbean
Kyrgyzstan,450.0,Low Proficiency,2023,KG,KGZ,Asia,Central Asia
Myanmar,450.0,Low Proficiency,2023,MM,MMR,Asia,South-eastern Asia
Palestine,445.0,Very Low Proficiency,2023,PS,PSE,Asia,Western Asia
Uzbekistan,442.0,Very Low Proficiency,2023,UZ,UZB,Asia,Central Asia
Cameroon,438.0,Very Low Proficiency,2023,CM,CMR,Africa,Sub-Saharan Africa
Senegal,438.0,Very Low Proficiency,2023,SN,SEN,Africa,Sub-Saharan Africa
Jordan,431.0,Very Low Proficiency,2023,JO,JOR,Asia,Western Asia
Sudan,430.0,Very Low Proficiency,2023,SD,SDN,Africa,Northern Africa
Cambodia,421.0,Very Low Proficiency,2023,KH,KHM,Asia,South-eastern Asia
Haiti,421.0,Very Low Proficiency,2023,HT,HTI,Americas,Latin America and the Caribbean
Oman,418.0,Very Low Proficiency,2023,OM,OMN,Asia,Western Asia
Angola,416.0,Very Low Proficiency,2023,AO,AGO,Africa,Sub-Saharan Africa
Benin,416.0,Very Low Proficiency,2023,BJ,BEN,Africa,Sub-Saharan Africa
Thailand,416.0,Very Low Proficiency,2023,TH,THA,Asia,South-eastern Asia
Kazakhstan,415.0,Very Low Proficiency,2023,KZ,KAZ,Asia,Central Asia
Somalia,411.0,Very Low Proficiency,2023,SO,SOM,Africa,Sub-Saharan Africa
Iraq,410.0,Very Low Proficiency,2023,IQ,IRQ,Asia,Western Asia
Ivory Coast,409.0,Very Low Proficiency,2023,CI,CIV,Africa,Sub-Saharan Africa
Saudi Arabia,408.0,Very Low Proficiency,2023,SA,SAU,Asia,Western Asia
Rwanda,405.0,Very Low Proficiency,2023,RW,RWA,Africa,Sub-Saharan Africa
Libya,392.0,Very Low Proficiency,2023,LY,LBY,Africa,Northern Africa
Yemen,392.0,Very Low Proficiency,2023,YE,YEM,Asia,Western Asia
Tajikistan,388.0,Very Low Proficiency,2023,TJ,TJK,Asia,Central Asia
Democratic Republic of the Congo,385.0,Very Low Proficiency,2023,CD,COD,Africa,Sub-Saharan Africa
Netherlands,636.0,Very High Proficiency,2024,NL,NLD,Europe,Western Europe
Norway,610.0,Very High Proficiency,2024,NO,NOR,Europe,Northern Europe
Singapore,609.0,Very High Proficiency,2024,SG,SGP,Asia,South-eastern Asia
Sweden,608.0,Very High Proficiency,2024,SE,SWE,Europe,Northern Europe
Croatia,607.0,Very High Proficiency,2024,HR,HRV,Europe,Southern Europe
Portugal,605.0,Very High Proficiency,2024,PT,PRT,Europe,Southern Europe
Denmark,603.0,Very High Proficiency,2024,DK,DNK,Europe,Northern Europe
Greece,602.0,Very High Proficiency,2024,GR,GRC,Europe,Southern Europe
Austria,600.0,Very High Proficiency,2024,AT,AUT,Europe,Western Europe
Germany,598.0,High Proficiency,2024,DE,DEU,Europe,Western Europe
South Africa,594.0,High Proficiency,2024,ZA,ZAF,Africa,Sub-Saharan Africa
Romania,593.0,High Proficiency,2024,RO,ROU,Europe,Eastern Europe
Belgium,592.0,High Proficiency,2024,BE,BEL,Europe,Western Europe
Finland,590.0,High Proficiency,2024,FI,FIN,Europe,Northern Europe
Poland,588.0,High Proficiency,2024,PL,POL,Europe,Eastern Europe
Bulgaria,586.0,High Proficiency,2024,BG,BGR,Europe,Eastern Europe
Hungary,585.0,High Proficiency,2024,HU,HUN,Europe,Eastern Europe
Slovakia,584.0,High Proficiency,2024,SK,SVK,Europe,Eastern Europe
Kenya,581.0,High Proficiency,2024,KE,KEN,Africa,Sub-Saharan Africa
Estonia,578.0,High Proficiency,2024,EE,EST,Europe,Northern Europe
Luxembourg,576.0,High Proficiency,2024,LU,LUX,Europe,Western Europe
Philippines,570.0,High Proficiency,2024,PH,PHL,Asia,South-eastern Asia
Lithuania,569.0,High Proficiency,2024,LT,LTU,Europe,Northern Europe
Serbia,568.0,High Proficiency,2024,RS,SRB,Europe,Southern Europe
Czech Republic,567.0,High Proficiency,2024,CZ,CZE,Europe,Eastern Europe
Malaysia,566.0,High Proficiency,2024,MY,MYS,Asia,South-eastern Asia
Suriname,563.0,High Proficiency,2024,SR,SUR,Americas,Latin America and the Caribbean
Argentina,562.0,High Proficiency,2024,AR,ARG,Americas,Latin America and the Caribbean
Cyprus,558.0,High Proficiency,2024,CY,CYP,Asia,Western Asia
Nigeria,557.0,High Proficiency,2024,NG,NGA,Africa,Sub-Saharan Africa
Switzerland,550.0,High Proficiency,2024,CH,CHE,Europe,Western Europe
Hong Kong,549.0,Moderate Proficiency,2024,HK,HKG,Asia,Eastern Asia
Honduras,545.0,Moderate Proficiency,2024,HN,HND,Americas,Latin America and the Caribbean
Georgia,543.0,Moderate Proficiency,2024,GE,GEO,Asia,Western Asia
Belarus,539.0,Moderate Proficiency,2024,BY,BLR,Europe,Eastern Europe
Spain,538.0,Moderate Proficiency,2024,ES,ESP,Europe,Southern Europe
Uruguay,538.0,Moderate Proficiency,2024,UY,URY,Americas,Latin America and the Caribbean
Armenia,537.0,Moderate Proficiency,2024,AM,ARM,Asia,Western Asia
Moldova,536.0,Moderate Proficiency,2024,MD,MDA,Europe,Eastern Europe
Ukraine,535.0,Moderate Proficiency,2024,UA,UKR,Europe,Eastern Europe
Costa Rica,534.0,Moderate Proficiency,2024,CR,CRI,Americas,Latin America and the Caribbean
Ghana,534.0,Moderate Proficiency,2024,GH,GHA,Africa,Sub-Saharan Africa
Albania,533.0,Moderate Proficiency,2024,AL,ALB,Europe,Southern Europe
Russia,532.0,Moderate Proficiency,2024,RU,RUS,Europe,Eastern Europe
Paraguay,531.0,Moderate Proficiency,2024,PY,PRY,Americas,Latin America and the Caribbean
Italy,528.0,Moderate Proficiency,2024,IT,ITA,Europe,Southern Europe
Bolivia,525.0,Moderate Proficiency,2024,BO,BOL,Americas,Latin America and the Caribbean
Chile,525.0,Moderate Proficiency,2024,CL,CHL,Americas,Latin America and the Caribbean
France,524.0,Moderate Proficiency,2024,FR,FRA,Europe,Western Europe
South Korea,523.0,Moderate Proficiency,2024,KR,KOR,Asia,Eastern Asia
Israel,522.0,Moderate Proficiency,2024,IL,ISR,Asia,Western Asia
Cuba,520.0,Moderate Proficiency,2024,CU,CUB,Americas,Latin America and the Caribbean
Peru,519.0,Moderate Proficiency,2024,PE,PER,Americas,Latin America and the Caribbean
Uganda,518.0,Moderate Proficiency,2024,UG,UGA,Africa,Sub-Saharan Africa
El Salvador,513.0,Moderate Proficiency,2024,SV,SLV,Americas,Latin America and the Caribbean
Nepal,512.0,Moderate Proficiency,2024,NP,NPL,Asia,Southern Asia
Venezuela,510.0,Moderate Proficiency,2024,VE,VEN,Americas,Latin America and the Caribbean
Guatemala,507.0,Moderate Proficiency,2024,GT,GTM,Americas,Latin America and the Caribbean
Nicaragua,505.0,Moderate Proficiency,2024,NI,NIC,Americas,Latin America and the Caribbean
Dominican Republic,503.0,Moderate Proficiency,2024,DO,DOM,Americas,Latin America and the Caribbean
Bangladesh,500.0,Moderate Proficiency,2024,BD,BGD,Asia,Southern Asia
Iran,499.0,Low Proficiency,2024,IR,IRN,Asia,Southern Asia
Ethiopia,498.0,Low Proficiency,2024,ET,ETH,Africa,Sub-Saharan Africa
Vietnam,498.0,Low Proficiency,2024,VN,VNM,Asia,South-eastern Asia
Turkey,497.0,Low Proficiency,2024,TR,TUR,Asia,Western Asia
Tunisia,496.0,Low Proficiency,2024,TN,TUN,Africa,Northern Africa
Pakistan,493.0,Low Proficiency,2024,PK,PAK,Asia,Southern Asia
Lebanon,492.0,Low Proficiency,2024,LB,LBN,Asia,Western Asia
India,490.0,Low Proficiency,2024,IN,IND,Asia,Southern Asia
United Arab Emirates,489.0,Low Proficiency,2024,AE,ARE,Asia,Western Asia
Panama,488.0,Low Proficiency,2024,PA,PAN,Americas,Latin America and the Caribbean
Tanzania,487.0,Low Proficiency,2024,TZ,TZA,Africa,Sub-Saharan Africa
Sri Lanka,486.0,Low Proficiency,2024,LK,LKA,Asia,Southern Asia
Colombia,485.0,Low Proficiency,2024,CO,COL,Americas,Latin America and the Caribbean
Qatar,480.0,Low Proficiency,2024,QA,QAT,Asia,Western Asia
Morocco,479.0,Low Proficiency,2024,MA,MAR,Africa,Northern Africa
Syria,473.0,Low Proficiency,2024,SY,SYR,Asia,Western Asia
Algeria,471.0,Low Proficiency,2024,DZ,DZA,Africa,Northern Africa
Mozambique,469.0,Low Proficiency,2024,MZ,MOZ,Africa,Sub-Saharan Africa
Indonesia,468.0,Low Proficiency,2024,ID,IDN,Asia,South-eastern Asia
Brazil,466.0,Low Proficiency,2024,BR,BRA,Americas,Latin America and the Caribbean
Ecuador,465.0,Low Proficiency,2024,EC,ECU,Americas,Latin America and the Caribbean
Egypt,465.0,Low Proficiency,2024,EG,EGY,Africa,Northern Africa
Mongolia,464.0,Low Proficiency,2024,MN,MNG,Asia,Eastern Asia
Madagascar,463.0,Low Proficiency,2024,MG,MDG,Africa,Sub-Saharan Africa
Azerbaijan,462.0,Low Proficiency,2024,AZ,AZE,Asia,Western Asia
Mexico,459.0,Low Proficiency,2024,MX,MEX,Americas,Latin America and the Caribbean
Kyrgyzstan,457.0,Low Proficiency,2024,KG,KGZ,Asia,Central Asia
Cabo Verde,456.0,Low Proficiency,2024,CV,CPV,Africa,Sub-Saharan Africa
Kuwait,456.0,Low Proficiency,2024,KW,KWT,Asia,Western Asia
China,455.0,Low Proficiency,2024,CN,CHN,Asia,Eastern Asia
Japan,454.0,Very Low Proficiency,2024,JP,JPN,Asia,Eastern Asia
Myanmar,449.0,Very Low Proficiency,2024,MM,MMR,Asia,South-eastern Asia
Palestine,448.0,Very Low Proficiency,2024,PS,PSE,Asia,Western Asia
Afghanistan,447.0,Very Low Proficiency,2024,AF,AFG,Asia,Southern Asia
Malawi,447.0,Very Low Proficiency,2024,MW,MWI,Africa,Sub-Saharan Africa
Cameroon,445.0,Very Low Proficiency,2024,CM,CMR,Africa,Sub-Saharan Africa
Uzbekistan,439.0,Very Low Proficiency,2024,UZ,UZB,Asia,Central Asia
Haiti,432.0,Very Low Proficiency,2024,HT,HTI,Americas,Latin America and the Caribbean
Sudan,432.0,Very Low Proficiency,2024,SD,SDN,Africa,Northern Africa
Jordan,431.0,Very Low Proficiency,2024,JO,JOR,Asia,Western Asia
Senegal,429.0,Very Low Proficiency,2024,SN,SEN,Africa,Sub-Saharan Africa
Kazakhstan,427.0,Very Low Proficiency,2024,KZ,KAZ,Asia,Central Asia
Oman,421.0,Very Low Proficiency,2024,OM,OMN,Asia,Western Asia
Saudi Arabia,417.0,Very Low Proficiency,2024,SA,SAU,Asia,Western Asia
Thailand,415.0,Very Low Proficiency,2024,TH,THA,Asia,South-eastern Asia
Iraq,414.0,Very Low Proficiency,2024,IQ,IRQ,Asia,Western Asia
Benin,413.0,Very Low Proficiency,2024,BJ,BEN,Africa,Sub-Saharan Africa
Tajikistan,412.0,Very Low Proficiency,2024,TJ,TJK,Asia,Central Asia
Angola,409.0,Very Low Proficiency,2024,AO,AGO,Africa,Sub-Saharan Africa
Cambodia,408.0,Very Low Proficiency,2024,KH,KHM,Asia,South-eastern Asia
Libya,405.0,Very Low Proficiency,2024,LY,LBY,Africa,Northern Africa
Rwanda,401.0,Very Low Proficiency,2024,RW,RWA,Africa,Sub-Saharan Africa
Ivory Coast,399.0,Very Low Proficiency,2024,CI,CIV,Africa,Sub-Saharan Africa
Somalia,399.0,Very Low Proficiency,2024,SO,SOM,Africa,Sub-Saharan Africa
Yemen,394.0,Very Low Proficiency,2024,YE,YEM,Asia,Western Asia
